DRS;DRSNOME;REGSAUDE;MUNICIPIO;CNES;NOME;GESTAO;GRUPO_DE_HOSPITAIS;LEITOS_CLIN_ANTERIOR_A_COVID;LEITOS_CLIN_SUS;LEITOS_CLIN_EXISTENTE_CONVERTIDO_PARA_COVID;LEITO_CLINICO_AMPLIADO_EM_FUNCIONAMENTO;LEITO_CLINICO_PARA_AMPLIACAO_FUTURA;UTI_ADULTO_EXISTE;UTI_ADULTO_SUS;UTI_ADULTO_EXISTENTE_CONVERTIDO_PARA_COVID;UTI_ADULTO_AMPLIACAO_HABIMEDIATA_REMESSA_1;UTI_ADULTO_AMPLIACAO_HABIMEDIATA_REMESSA_2;UTI_ADULTO_AMPLIACAO_HABIMEDIATA_REMESSA_3;UTI_ADULTO_AMPLIACAO_HABIMEDIATA_REMESSA_4;UTI_ADULTO_AMPLIACAO_HABIMEDIATA_REMESSA_5;UTI_ADULTO_AMPLIACAO_HABIMEDIATA_REMESSA_6
1;GRANDE S. PAULO;Alto do Tiete;ARUJA;6451098;HOSPITAL DALILA FERREIRA BARBOSA;M;Municipais;9;9;-;-;;-;-;-;-;-;;;;
1;GRANDE S. PAULO;Alto do Tiete;ARUJA;6628842;PRONTO ATENDIMENTO BARRETO;M;Municipais;;;;;;;;;;;;10;;
1;GRANDE S. PAULO;Alto do Tiete;BIRITIBA MIRIM;;POSTO DE ATENDIMENTO COVID;M;Municipais;;;;;;;;;;;;;;
1;GRANDE S. PAULO;Alto do Tiete;"FERRAZ DE
VASCONCELOS";2080079;"HOSPITAL DR OSIRIS FLORINDO
COELHO FERRAZ DE VASCONCELOS";E;Estaduais-Direta;60;60;16;-;28;10;10;-;-;-;;;;
1;GRANDE S. PAULO;Alto do Tiete;FERRAZ DE VASCONCELOS;116750;"HOSPITAL DE CAMPANHA DE FERRAZ/GINASIO PROF. ADÃO DIAS
DOS SANTOS";M;Municipais;18;18;;20;;-;-;;;;;-;;
1;GRANDE S. PAULO;Alto do Tiete;GUARAREMA;2773333;SANTA CASA DE GUARAREMA;M;Priv.s. fins lucrativos;23;20;-;-;;-;-;-;-;-;;;;
1;GRANDE S. PAULO;Alto do Tiete;GUARULHOS;2040069;"HOSPITAL MATERNIDADE JESUS JOSE E
MARIA";M;Priv.s. fins lucrativos;15;15;3;-;;6;6;1;-;-;;;;
1;GRANDE S. PAULO;Alto do Tiete;GUARULHOS;2080427;HOSPITAL MUNICIPAL DA CRIANCA E DO ADOLESCENTE HMCA;M;Municipais;;;-;-;;;;-;-;-;;;;
1;GRANDE S. PAULO;Alto do Tiete;GUARULHOS;2082276;CASAS ANDRE LUIZ GUARULHOS;E;Priv.s. fins lucrativos;;;-;-;;;;-;-;-;;;;
1;GRANDE S. PAULO;Alto do Tiete;GUARULHOS;2078155;HOSPITAL STELLA MARIS;M;Priv.s. fins lucrativos;58;58;-;-;;12;10;-;-;-;;;;
1;GRANDE S. PAULO;Alto do Tiete;GUARULHOS;2079410;"COMPLEXO HOSPITALAR PADRE
BENTO DE GUARULHOS";E;Estaduais-Direta;82;82;57;-;;10;10;-;-;-;18;;-;-
1;GRANDE S. PAULO;Alto do Tiete;GUARULHOS;2080338;HOSPITAL GERAL DE GUARULHOS PROF DR WALDEMAR DE CARVALHO;E;Estaduais-OSS;92;92;35;4;;18;18;-;23;-;;-;17;
1;GRANDE S. PAULO;Alto do Tiete;GUARULHOS;2082861;"HOSP MUNICIPAL DE URGENCIAS
HMU";M;Municipais;55;55;-;-;;10;10;-;-;-;10;;;
1;GRANDE S. PAULO;Alto do Tiete;GUARULHOS;5200105;"HOSPITAL MUNICIPAL PIMENTAS
BONSUCESSO MANUEL DE PAIVA";M;Municipais;42;42;8;-;;19;19;15;-;-;13;;;
1;GRANDE S. PAULO;Alto do Tiete;GUARULHOS;102172;"HOSPITAL DE CAMPANHA
GUARULHOS";M;Municipais;40;40;;70;;-;-;;;;-;;;
1;GRANDE S. PAULO;Alto do Tiete;ITAQUAQUECETUBA;2078562;HOSPITAL GERAL DE ITAQUAQUECETUBA;E;Estaduais-OSS;59;59;40;5;;10;10;10;12;-;;;;
1;GRANDE S. PAULO;Alto do Tiete;"MOGI DAS
CRUZES";2080052;"HOSPITAL NOSSA SENHORA
APARECIDA";M;Priv.s. fins lucrativos;13;11;-;-;;8;8;-;-;-;;;;
1;GRANDE S. PAULO;Alto do Tiete;"MOGI DAS
CRUZES";2080680;"HOSPITAL DAS CLINICAS LUZIA DE
PINHO MELO MOGI DAS CRUZES";E;Estaduais-OSS;100;100;23;22;;10;10;5;12;-;;;;
1;GRANDE S. PAULO;Alto do Tiete;MOGI DAS CRUZES;2084236;CENTRO ESP EM REABILITACAO DR ARNALDO PEZZUTI CAVALCANTI MOG;E;Estaduais-Direta;110;90;-;-;30;10;8;-;-;-;;;;
1;GRANDE S. PAULO;Alto do Tiete;"MOGI DAS
CRUZES";7473702;"HOSP MUN DE MOGI DAS CRUZES
PREF WALDEMAR COSTA FILHO";M;Municipais;10;10;10;-;;10;10;10;-;-;;16;;8
1;GRANDE S. PAULO;Alto do Tiete;"MOGI DAS
CRUZES";149632;"HOSPITAL DE CAMPANHA MOGI DAS
CRUZES";M;Municipais;;;;50;;-;-;;;;;;;
1;GRANDE S. PAULO;Alto do Tiete;POA;2082411;"HOSPITAL MUNICIPAL DR GUIDO
GUIDA";M;Municipais;27;27;15;-;;-;-;-;-;-;;;;
1;GRANDE S. PAULO;Alto do Tiete;POA;116750;"HOSPITAL DE CAMPANHA POA
CONTRA COVID19";M;Municipais;;;;20;;-;-;;;;;;;-
1;GRANDE S. PAULO;Alto do Tiete;SALESOPOLIS;2079380;SANTA CASA DE SALESOPOLIS;M;Priv.s. fins lucrativos;13;12;4;-;;-;-;-;-;-;;;;
1;GRANDE S. PAULO;Alto do Tiete;SANTA ISABEL;2083140;SANTA CASA DE SANTA ISABEL;M;Priv.s. fins lucrativos;30;26;6;-;;6;6;2;-;-;;;;
1;GRANDE S. PAULO;Alto do Tiete;SUZANO;2079860;SANTA CASA DE SUZANO;M;Priv.s. fins lucrativos;11;10;-;-;;8;8;-;-;-;;;;
1;GRANDE S. PAULO;Alto do Tiete;SUZANO;2078058;HC SUZANO;E;Estaduais-Outros;;;;;90;;;;;-;;;;
1;GRANDE S. PAULO;Alto do Tiete;SUZANO;2039001;PRONTO SOCORRO MUNICIPAL;M;Municipais;12;12;;;;-;-;;;;;;;12
1;GRANDE S. PAULO;Alto do Tiete;SUZANO;2034670;PRONTO ATENDIMENTO;M;Municipais;;;;;;;;;;;;;;
1;GRANDE S. PAULO;Alto do Tiete;SUZANO;106232;HOSPITAL DE CAMPANHA SUZANO;M;Municipais;70;70;;;;-;-;;;;;;;
1;GRANDE S. PAULO;Franco da Rocha;CAIEIRAS;7580770;HOSPITAL ESTADUAL DE CAIEIRAS;E;Estaduais-Direta;;;-;-;;;;-;-;-;;;;
1;GRANDE S. PAULO;Alto do Tiete;CAIEIRAS;110310;"HOSPITAL DE CAMPANHA COVID 19-
CAIEIRAS";M;Municipais;32;32;;30;;-;-;;;;;;;
1;GRANDE S. PAULO;Alto do Tiete;CAIEIRAS;6817203;HOSPITAL DE CLINICAS DE CAIEIRAS;M;Municipais;;;;;;;;;;;;;;10
1;GRANDE S. PAULO;Franco da Rocha;CAJAMAR;2096196;"HOSPITAL ENF ANTONIO POLICARPO
DE OLIVEIRA";M;Municipais;18;18;-;-;;-;-;-;-;-;;;;18
1;GRANDE S. PAULO;Franco da Rocha;"FRANCISCO
MORATO";2083876;SANTA CASA DE FRANCISCO MORATO;M;Priv.s. fins lucrativos;60;46;-;35;;-;-;-;-;-;;;;
1;GRANDE S. PAULO;Franco da Rocha;FRANCISCO MORATO;3028399;HOSPITAL ESTADUAL PROF CARLOS DA SILVA LACAZ FCO MORATO;E;Estaduais-OSS;15;15;-;11;;10;10;10;-;-;;-;;
1;GRANDE S. PAULO;Franco da Rocha;"FRANCO DA
ROCHA";2746220;"COMPLEXO HOSPITALAR JUQUERY
FRANCO DA ROCHA";E;Estaduais-Direta;;;-;-;;;;-;-;-;;;;
1;GRANDE S. PAULO;Franco da Rocha;FRANCO DA ROCHA;2092107;HOSPITAL DE CLINICAS DE FRANCO DA ROCHA FRANCO DA ROCHA;E;Estaduais-Direta;;;-;-;;;;-;-;-;;;;
1;GRANDE S. PAULO;Franco da Rocha;"FRANCO DA
ROCHA";6878687;"HOSPITAL ESTADUAL DR ALBANO DA
FRANCA ROCHA SOBRINHO";E;Estaduais-OSS;30;30;-;-;;11;11;5;-;-;;;;
1;GRANDE S. PAULO;Franco da Rocha;"FRANCO DA
ROCHA";2798220;HOSPITAL PREVINA;M;Municipais;32;-;;;;11;-;;;;;28;;
1;GRANDE S. PAULO;Franco da Rocha;MAIRIPORA;2086336;"HOSPITAL E MATERNIDADE
MAIRIPORA";M;Priv.s. fins lucrativos;15;13;-;-;;-;-;-;-;-;;;;
1;GRANDE S. PAULO;Grande ABC;DIADEMA;2080028;"HOSPITAL MUNICIPAL DE DIADEMA
HMD";M;Municipais;69;69;26;-;;10;10;-;-;-;20;;;
1;GRANDE S. PAULO;Grande ABC;DIADEMA;2084163;"HOSPITAL ESTADUAL DE DIADEMA
HOSPITAL SERRARIA";E;Estaduais-OSS;47;47;10;14;;18;18;10;-;-;;;;
1;GRANDE S. PAULO;Grande ABC;DIADEMA;5851084;QUARTEIRAO DA SAUDE;M;Municipais;;;-;-;;;;-;-;-;;;;
1;GRANDE S. PAULO;Grande ABC;DIADEMA;2077469;"HOSPITAL DOM ANTONIO
ALVARENGA";M;Municipais;87;51;;;;28;-;;;;;;;10
1;GRANDE S. PAULO;Grande ABC;MAUA;2082349;"HOSPITAL DE CLINICAS DR RADAMES
NARDINI";M;Municipais;78;78;28;-;;28;20;10;-;-;;;;-
1;GRANDE S. PAULO;Grande ABC;MAUA;2751747;SANTA CASA DE MAUA;M;Priv.s. fins lucrativos;40;-;-;-;;10;10;-;-;-;;;;
1;GRANDE S. PAULO;Grande ABC;RIBEIRAO PIRES;2081202;"HOSPITAL E MATERNIDADE SAO
LUCAS";M;Municipais;33;33;11;-;;-;-;-;-;-;;;;
1;GRANDE S. PAULO;Grande ABC;SANTO ANDRE;6020917;"HOSPITAL DA MULHER MARIA JOSE
DOS SANTOS STEIN";M;Municipais;1;1;-;-;;4;4;-;-;-;;;;
1;GRANDE S. PAULO;Grande ABC;SANTO ANDRE;8923;"CENTRO HOSPITALAR DE SANTO
ANDRE DR NEWTON DA COSTA BRANDAO";M;Municipais;50;50;-;-;;30;30;20;-;-;20;;;
1;GRANDE S. PAULO;Grande ABC;SANTO ANDRE;2080273;"HOSPITAL ESTADUAL MARIO COVAS
DE SANTO ANDRE";E;Estaduais-OSS;87;87;24;20;;59;59;27;-;-;;;;
1;GRANDE S. PAULO;Grande ABC;SANTO ANDRE;109746;"HOSPITAL DE CAMPANHA PEDRO DELL
ANTONIA";M;Municipais;;;;160;;-;-;;;;-;;;
1;GRANDE S. PAULO;Grande ABC;SANTO ANDRE;150126;"HOSPITAL DE CAMPANHA ESTADIO
BRUNO DANIEL";M;Municipais;;;;110;;-;-;;;;-;;;
1;GRANDE S. PAULO;Grande ABC;SANTO ANDRE;163279;"HOSPITAL DE CAMPANHA
UNIVERSIDADE FEDERAL DO ABC";M;Municipais;;;;90;;;;;;;-;;;
1;GRANDE S. PAULO;Grande ABC;SAO BERNARDO DO CAMPO;2025361;HOSPITAL ANCHIETA;M;Priv.s. fins lucrativos;18;18;-;-;;19;19;-;-;-;;;;
1;GRANDE S. PAULO;Grande ABC;SAO BERNARDO DO CAMPO;105767;HOSPITAL DE CAMPANHA-  HOSPITAL ANCHIETA;M;Municipais;;;;81;;-;-;;;;;-;;
1;GRANDE S. PAULO;Grande ABC;SAO BERNARDO DO CAMPO;2027356;HOSPITAL MUNICIPAL UNIVERSITARIO;M;Priv.s. fins lucrativos;3;3;-;-;;7;7;-;-;-;;;;
1;GRANDE S. PAULO;Grande ABC;SAO BERNARDO DO CAMPO;2069776;HOSPITAL E PRONTO SOCORRO CENTRAL;M;Municipais;92;92;-;-;;10;10;-;-;-;;;;
1;GRANDE S. PAULO;Grande ABC;SAO BERNARDO DO CAMPO;3223728;SANTA CASA DE MISERICORDIA DE SAO BERNARDO DO CAMPO;M;Priv.s. fins lucrativos;12;-;-;-;;9;6;-;-;-;;;;
1;GRANDE S. PAULO;Grande ABC;SAO BERNARDO DO CAMPO;105759;HOSPITAL DE URGENCIA;M;Municipais;;;;162;;-;-;;;-;;70;;
1;GRANDE S. PAULO;Grande ABC;"SAO BERNARDO
DO CAMPO";7373465;HOSPITAL DE CLINICAS MUNICIPAL;M;Municipais;72;72;-;12;;40;40;29;20;-;;1;;
1;GRANDE S. PAULO;Grande ABC;"SAO CAETANO
DO SUL";2082594;COMPLEXO HOSPITALAR MUNICIPAL;M;Municipais;55;55;30;-;;10;10;10;-;-;;40;;
1;GRANDE S. PAULO;Grande ABC;"SAO CAETANO
DO SUL";5935857;"HOSPITAL MUNICIPAL DE
EMERGENCIAS ALBERT SABIN";M;Municipais;43;43;2;-;;9;9;-;-;-;;;;
1;GRANDE S. PAULO;Grande ABC;"SAO CAETANO
DO SUL";6938361;"HOSPITAL  DE CAMPANHA SÃO
CAETANO DO SUL";M;Municipais;;;;100;;-;-;-;;;-;;;
1;GRANDE S. PAULO;Mananciais;COTIA;2792141;HOSPITAL REGIONAL DE COTIA;E;Estaduais-OSS;44;44;32;12;;10;10;10;10;-;;10;;
1;GRANDE S. PAULO;Mananciais;COTIA;103608;HOSPITAL DE CAMPANHA COTIA;M;Municipais;;;;36;;-;-;;;;-;;;
1;GRANDE S. PAULO;Mananciais;EMBU;2077078;"UNIDADE MISTA E MATERNIDADE
CENTRAL";M;Municipais;20;20;-;-;;-;-;-;-;-;;;;
1;GRANDE S. PAULO;Mananciais;EMBU;2079011;"HOSPITAL LEITO IRMA ANETTE
MARLENE FERNANDES DE MELLO";M;Municipais;40;40;-;-;;-;-;-;-;-;5;;;
1;GRANDE S. PAULO;Mananciais;EMBU;89621;"HOSPITAL DE CAMPANHA EMBU DAS
ARTES";M;Municipais;;;;40;;-;-;;;;;;;
1;GRANDE S. PAULO;Mananciais;"ITAPECERICA DA
SERRA";2086271;"MATERNIDADE MUNICIPAL ZORAIDE
EVA DAS DORES";M;Municipais;;;-;-;;;;-;-;-;;;;
1;GRANDE S. PAULO;Mananciais;"ITAPECERICA DA
SERRA";2792176;"HOSPITAL GERAL DE ITAPECERICA DA
SERRA";E;Estaduais-OSS;31;31;15;6;;20;20;15;9;-;;;;
1;GRANDE S. PAULO;Mananciais;"ITAPECERICA DA
SERRA";7228163;PS CENTRAL ITAPECERICA DA SERRA;M;Municipais;11;11;;23;;-;-;;;;8;;;
1;GRANDE S. PAULO;Mananciais;"TABOAO DA
SERRA";2079828;"HOSPITAL GERAL PIRAJUSSARA
TABOAO DA SERRA";E;Estaduais-OSS;71;71;2;6;;10;10;3;10;-;;;;
1;GRANDE S. PAULO;Mananciais;"TABOAO DA
SERRA";2785188;"UNIDADE MISTA DE TABOAO DA
SERRA";M;Municipais;32;32;-;-;;10;-;-;-;-;8;;;
1;GRANDE S. PAULO;Mananciais;"TABOAO DA
SERRA";105856;"HOSPITAL DE CAMPANHA TABOÃO DA
SERRA";M;Municipais;;;;40;;-;-;;;;;;;
1;GRANDE S. PAULO;Rota dos Bandeirantes;BARUERI;6095666;"HOSPITAL MUNICIPAL DE BARUERI DR
FRANCISCO MORAN";M;Municipais;81;81;64;-;;20;20;11;-;;;;;
1;GRANDE S. PAULO;Rota dos Bandeirantes;CARAPICUIBA;2792168;HOSPITAL GERAL DE CARAPICUIBA;E;Estaduais-OSS;40;40;5;-;;20;20;-;-;-;;;;
1;GRANDE S. PAULO;Rota dos Bandeirantes;CARAPICUIBA;6014739;"CENTRO DE CONTROLE CORONAVIRUS
POLICLINICA";M;Municipais;;;-;27;;;;-;;;;;;
1;GRANDE S. PAULO;Rota dos Bandeirantes;ITAPEVI;2078104;HOSPITAL GERAL DE ITAPEVI;E;Estaduais-OSS;60;60;34;12;;10;10;10;15;-;;;;
1;GRANDE S. PAULO;Rota dos Bandeirantes;OSASCO;8036;"HOSPITAL MATERNIDADE AMADOR
AGUIAR";M;Municipais;57;57;-;-;;-;-;-;-;-;;;;
1;GRANDE S. PAULO;Rota dos Bandeirantes;OSASCO;8028;"HOSPITAL MUNICIPAL ANTONIO
GIGLIO";M;Municipais;78;78;48;-;;20;12;12;10;-;;;;
1;GRANDE S. PAULO;Rota dos Bandeirantes;OSASCO;8052;"HOSPITAL REGIONAL DR VIVALDO
MARTINS SIMOES OSASCO";E;Estaduais-Direta;71;71;60;-;;40;10;-;30;-;20;;;
1;GRANDE S. PAULO;Rota dos Bandeirantes;Osasco;105597;"Hosp de Campanha Osasco- Policlínica
Zona Norte";M;Municipais;;;;70;;-;-;;;;;;;
1;GRANDE S. PAULO;Rota dos Bandeirantes;SANTANA DE PARNAIBA;146048;CENTRO DE COMBATE CORONAVIRUS VILA ESPERANÇA-CAMPANHA;M;Municipais;32;32;;40;;-;-;;;;;;;
1;GRANDE S. PAULO;Rota dos Bandeirantes;SANTANA DE PARNAIBA;111090;CENTRO DE COMBATE CORONAVIRUS ARENA-CAMPANHA;M;Municipais;;;;72;;-;-;;;;;;;
1;GRANDE S. PAULO;Rota dos Bandeirantes;SANTANA DE PARNAIBA;104892;CENTRO DE COMBATE CORONAVIRUS PARQUE FERNÃO DIAS-CAMPANHA;M;Municipais;16;16;;40;;-;-;;;;;;;-
1;GRANDE S. PAULO;Rota dos Bandeirantes;"SANTANA DE
PARNAIBA";2072513;"HOSPITAL E MATERNIDADE
MUNICIPAL SANTA ANA";M;Municipais;10;10;14;-;;-;-;-;-;-;;;;
1;GRANDE S. PAULO;Sao Paulo;SAO PAULO;2065665;HOSPITAL MATERNIDADE INTERLAGOS;E;Estaduais-Direta;5;5;-;-;;4;4;-;-;-;;;;
1;GRANDE S. PAULO;Sao Paulo;SAO PAULO;2070766;"CAISM DR DAVID CAPISTRANO DA
COSTA FILHO DA AGUA FUNDA SP";E;Estaduais-Direta;;;-;-;;;;-;-;-;;;;
1;GRANDE S. PAULO;Sao Paulo;SAO PAULO;2071371;"HOSPITAL INFANTIL DARCY VARGAS
UGA III SAO PAULO";E;Estaduais-Direta;37;37;19;-;;;;-;-;-;;;;
1;GRANDE S. PAULO;Sao Paulo;SAO PAULO;2071568;"HC DA FMUSP INSTITUTO DO
CORACAO INCOR SAO PAULO";E;Estaduais-Universitarios;87;65;-;-;;119;119;15;15;-;;;;
1;GRANDE S. PAULO;Sao Paulo;SAO PAULO;2077388;HOSPITAL AMPARO MATERNAL;M;Priv.s. fins lucrativos;8;8;-;-;;-;-;-;-;-;;;;
1;GRANDE S. PAULO;Sao Paulo;SAO PAULO;2077418;CAISM PHILIPPE PINEL SAO PAULO;E;Estaduais-Direta;;;-;-;;;;-;-;-;;;;
1;GRANDE S. PAULO;Sao Paulo;SAO PAULO;2077531;A C CAMARGO CANCER CENTER;M;Priv.s. fins lucrativos;128;67;-;-;;30;22;-;-;-;;;;
1;GRANDE S. PAULO;Sao Paulo;SAO PAULO;2077590;IBCC;M;Priv.s. fins lucrativos;93;21;-;-;;10;10;-;-;-;;;;
1;GRANDE S. PAULO;Sao Paulo;SAO PAULO;2077655;ASSOC AACD V CLEMENTINO;M;Priv.s. fins lucrativos;2;2;-;-;;5;2;-;-;-;;;;
1;GRANDE S. PAULO;Sao Paulo;SAO PAULO;2077701;HOSPITAL E MATERNIDADE LEONOR MENDES DE BARROS SAO PAULO;E;Estaduais-Direta;31;31;-;-;;6;6;-;-;-;;;;
1;GRANDE S. PAULO;Sao Paulo;SAO PAULO;2077957;CENTRO DE REFERENCIA E TREINAMENTO DSTAIDS SAO PAULO;E;Estaduais-Direta;26;26;-;-;;-;-;-;-;-;;;;
1;GRANDE S. PAULO;Sao Paulo;SAO PAULO;2078287;"CENTRO DE REFERENCIA DA SAUDE DA
MULHER SAO PAULO";E;Estaduais-Direta;44;44;10;-;;7;7;4;-;-;;;;
1;GRANDE S. PAULO;Sao Paulo;SAO PAULO;2078325;HOSP MUN INFANTIL MENINO JESUS;M;Municipais;;;-;10;;;;-;-;-;;;;
1;GRANDE S. PAULO;Sao Paulo;SAO PAULO;2079186;"HOSP MUN MAT ESC DR MARIO DE
MORAES A SILVA";M;Municipais;14;14;-;-;;7;7;-;-;-;7;;;
1;GRANDE S. PAULO;Sao Paulo;SAO PAULO;2080125;"INST DO CANCER ARNALDO VIEIRA DE
CARVALHO";M;Priv.s. fins lucrativos;30;30;-;-;;13;8;-;-;-;;;;
1;GRANDE S. PAULO;Sao Paulo;SAO PAULO;2088495;"INSTITUTO DANTE PAZZANESE DE
CARDIOLOGIA IDPC SAO PAULO";E;Estaduais-Direta;114;110;-;40;;76;62;-;-;-;;;30;
1;GRANDE S. PAULO;Sao Paulo;SAO PAULO;2088517;"HOSPITAL INFANTIL CANDIDO
FONTOURA SAO PAULO";E;Estaduais-Direta;12;12;12;-;;;;-;-;-;;;;
1;GRANDE S. PAULO;Sao Paulo;SAO PAULO;2089084;HOSP RUBEM BERTA;M;Privado;;;-;-;;1;-;-;-;-;;;;
1;GRANDE S. PAULO;Sao Paulo;SAO PAULO;2089203;"CASA DE SAUDE DE SAO JOAO DE
DEUS";M;Priv.s. fins lucrativos;;;-;-;;;;-;-;-;;;;
1;GRANDE S. PAULO;Sao Paulo;SAO PAULO;2089572;ASSOC CRUZ VERDE;M;Priv.s. fins lucrativos;;;-;-;;;;-;-;-;;;;
1;GRANDE S. PAULO;Sao Paulo;SAO PAULO;2089696;"HOSPITAL GRAACC INSTITUTO DE
ONCOLOGIA PEDIATRICA IOP";M;Priv.s. fins lucrativos;1;1;-;-;;;;-;-;-;;;;
1;GRANDE S. PAULO;Sao Paulo;SAO PAULO;2089785;HOSPITAL DO RIM E HIPERTENSAO;M;Priv.s. fins lucrativos;94;93;-;-;;16;16;-;-;-;11;;;
1;GRANDE S. PAULO;Sao Paulo;SAO PAULO;2091356;HOSPITAL VITAL BRAZIL SAO PAULO;E;Estaduais-Direta;9;9;-;-;;-;-;-;-;-;;;;
1;GRANDE S. PAULO;Sao Paulo;SAO PAULO;2091399;"ASSOCIACAO NOSSA SENHORA DO
PARI";M;Priv.s. fins lucrativos;3;3;-;-;;8;7;-;-;-;;;;
1;GRANDE S. PAULO;Sao Paulo;SAO PAULO;2688514;"HOSPITAL PSIQUIATRICO DE VILA
MARIANA";E;Priv.s. fins lucrativos;;;-;-;;;;-;-;-;;;;
1;GRANDE S. PAULO;Sao Paulo;SAO PAULO;2688522;CASA DE DAVID SAO PAULO;E;Priv.s. fins lucrativos;;;-;-;;;;-;-;-;;;;
1;GRANDE S. PAULO;Sao Paulo;SAO PAULO;2688638;INST SUEL ABUJAMRA;M;Priv.s. fins lucrativos;;;-;-;;;;-;-;-;;;;
1;GRANDE S. PAULO;Sao Paulo;SAO PAULO;2812703;"FUNDACAO FACULDADE DE MEDICINAHCFMUSP INST DE
PSIQUIATRIA SP";E;Estaduais-Universitarios;;;-;-;;;;-;-;-;;;;
1;GRANDE S. PAULO;Sao Paulo;SAO PAULO;5451612;"INSTITUTO DE REABILITACAO LUCY
MONTORO";E;Estaduais-OSS;;;-;-;;;;-;-;-;;;;
1;GRANDE S. PAULO;Sao Paulo;SAO PAULO;6123740;"INSTITUTO DO CANCER DO ESTADO DE
SAO PAULO";E;Estaduais-Universitarios;264;264;-;-;;85;85;-;-;-;;;;
1;GRANDE S. PAULO;Sao Paulo;SAO PAULO;6891411;IBCC UNIDADE JACANA;M;Priv.s. fins lucrativos;;;-;-;;;;-;-;-;;;;
1;GRANDE S. PAULO;Sao Paulo;SAO PAULO;2028840;"INSTITUTO DE INFECTOLOGIA EMILIO
RIBAS SAO PAULO";E;Estaduais-Direta;82;82;46;-;;17;17;-;30;-;20;;;
1;GRANDE S. PAULO;Sao Paulo;SAO PAULO;2058391;HOSPITAL ISRAELITA ALBERT EINSTEIN;M;Priv.s. fins lucrativos;171;17;-;-;;37;10;-;-;-;;;20;
1;GRANDE S. PAULO;Sao Paulo;SAO PAULO;2058502;HOSP DO SERV PUB EST FCO MORATO DE OLIVEIRA SAO PAULO;E;Estaduais-Outros;348;-;-;-;;64;-;-;-;-;;;;
1;GRANDE S. PAULO;Sao Paulo;SAO PAULO;2066092;HOSPITAL GERAL DE PEDREIRA;E;Estaduais-OSS;56;56;38;2;;13;13;13;10;-;;;;19
1;GRANDE S. PAULO;Sao Paulo;SAO PAULO;2066572;"HOSPITAL HELIOPOLIS UNIDADE DE
GESTAO ASSISTENCIAL I SP";E;Estaduais-Direta;86;86;12;-;;14;14;8;-;-;;;;
1;GRANDE S. PAULO;Sao Paulo;SAO PAULO;2075717;"HOSP MUN MATERNIDADE
PROFESSOR MARIO DEGNI";M;Municipais;28;28;-;12;;4;4;-;10;-;;;;
1;GRANDE S. PAULO;Sao Paulo;SAO PAULO;2075962;HOSP DA STA CASA DE STO AMARO;M;Priv.s. fins lucrativos;52;35;2;-;;10;9;9;-;-;20;;;
1;GRANDE S. PAULO;Sao Paulo;SAO PAULO;2076896;HOSPITAL SAO LUIZ GONZAGA;M;Municipais;56;56;10;36;;-;-;-;-;-;;;10;
1;GRANDE S. PAULO;Sao Paulo;SAO PAULO;2076926;"HOSPITAL UNIVERSITARIO DA USP SAO
PAULO";E;Estaduais-Universitarios;58;58;-;-;;12;12;-;-;-;;;;
1;GRANDE S. PAULO;Sao Paulo;SAO PAULO;2076985;CASA DA CRIANCA BETINHO;M;Priv.s. fins lucrativos;;;-;-;;;;-;-;-;;;;
1;GRANDE S. PAULO;Sao Paulo;SAO PAULO;2077426;HOSPITAL ESTADUAL DE VILA ALPINA ORG SOCIAL SECONCI SAO PAUL;E;Estaduais-OSS;63;63;25;-;;20;20;10;10;-;;;;
1;GRANDE S. PAULO;Sao Paulo;SAO PAULO;2077450;HOSP MUN DR JOSE SOARES HUNGRIA;M;Municipais;48;48;12;20;;8;8;8;20;-;50;;;
1;GRANDE S. PAULO;Sao Paulo;SAO PAULO;2077469;HOSP DOM ANTONIO DE ALVARENGA;M;Priv.s. fins lucrativos;87;51;-;-;;28;-;-;-;-;;;;
1;GRANDE S. PAULO;Sao Paulo;SAO PAULO;2077477;HOSP STA MARCELINA SAO PAULO;E;Priv.s. fins lucrativos;235;205;80;30;;72;58;-;-;-;;;50;9
1;GRANDE S. PAULO;Sao Paulo;SAO PAULO;2077485;HOSPITAL SAO PAULO HOSPITAL DE ENSINO DA UNIFESP SAO PAULO;E;Priv.s. fins lucrativos;200;190;30;30;;77;74;19;9;26;;;;30
1;GRANDE S. PAULO;Sao Paulo;SAO PAULO;2077493;"HOSPITAL GERAL DE SAO MATEUS SAO
PAULO";E;Estaduais-Direta;55;55;20;-;;14;14;1;-;-;;;;
1;GRANDE S. PAULO;Sao Paulo;SAO PAULO;2077523;UNIDADE DE GESTAO ASSISTENCIAL II HOSPITAL IPIRANGA SP;E;Estaduais-Direta;100;100;64;-;;26;15;5;-;-;10;;;
1;GRANDE S. PAULO;Sao Paulo;SAO PAULO;2077574;"CONJUNTO HOSPITALAR DO
MANDAQUI SAO PAULO";E;Estaduais-Direta;86;86;78;-;;40;40;22;-;-;20;;;
1;GRANDE S. PAULO;Sao Paulo;SAO PAULO;2077620;HOSPITAL GERAL SANTA MARCELINA DE ITAIM PAULISTA SAO PAULO;E;Estaduais-OSS;78;78;10;-;;10;10;-;10;-;;;;
1;GRANDE S. PAULO;Sao Paulo;SAO PAULO;2077639;"HOSP MUN PROF DR WALDOMIRO DE
PAULA";M;Municipais;57;57;10;15;;6;6;6;10;-;50;;;
1;GRANDE S. PAULO;Sao Paulo;SAO PAULO;2077671;HOSPITAL GERAL DO GRAJAU PROF LIBER JOHN ALPHONSE DI DIO SP;E;Estaduais-OSS;88;88;-;-;;24;24;-;-;-;;;;
1;GRANDE S. PAULO;Sao Paulo;SAO PAULO;2077752;HOSP MONUMENTO CEHM;M;Priv.s. fins lucrativos;;;-;-;;;;-;-;-;;;;
1;GRANDE S. PAULO;Sao Paulo;SAO PAULO;2078015;"HC DA FMUSP HOSPITAL DAS CLINICAS
SAO PAULO";E;Estaduais-Universitarios;358;336;336;-;;128;128;106;90;40;;;;165
1;GRANDE S. PAULO;Sao Paulo;SAO PAULO;2078589;"HOSPITAL E MATERNIDADE SANTA
MARIA CRUZ AZUL";M;Priv.s. fins lucrativos;152;-;-;-;;40;-;-;-;-;;;;
1;GRANDE S. PAULO;Sao Paulo;SAO PAULO;2079240;HOSPITAL GERAL JESUS TEIXEIRA DA COSTA GUAIANASES SAO PAULO;E;Estaduais-Direta;58;58;25;-;;10;10;-;-;-;10;;;
1;GRANDE S. PAULO;Sao Paulo;SAO PAULO;2080346;HOSP MUN DR CARMINO CARICCHIO;M;Municipais;135;135;40;20;;20;19;19;20;-;10;;;
1;GRANDE S. PAULO;Sao Paulo;SAO PAULO;2080575;HOSPITAL BP;M;Priv.s. fins lucrativos;216;33;-;-;;195;50;-;-;-;;10;10;
1;GRANDE S. PAULO;Sao Paulo;SAO PAULO;2080583;HOSP MUN TIDE SETUBAL;M;Municipais;43;43;22;-;;7;7;7;10;-;56;;;
1;GRANDE S. PAULO;Sao Paulo;SAO PAULO;2080788;"HOSP MUN V NHOCUNE ALEXANDRE
ZAIO";M;Municipais;31;31;-;8;;-;-;-;-;-;;;;
1;GRANDE S. PAULO;Sao Paulo;SAO PAULO;2081970;"HOSP MUN JABAQUARA ARTUR
RIBEIRO DE SABOYA";M;Municipais;50;50;20;24;;21;21;10;10;-;8;;;
1;GRANDE S. PAULO;Sao Paulo;SAO PAULO;2082225;"HOSPITAL KATIA DE SOUZA
RODRIGUES TAIPASSP SAO PAULO";E;Estaduais-Direta;78;78;10;18;;20;10;-;-;-;10;;;
1;GRANDE S. PAULO;Sao Paulo;SAO PAULO;2082624;HOSP STA CRUZ;M;Priv.s. fins lucrativos;34;6;-;-;;30;10;-;-;-;;;2;
1;GRANDE S. PAULO;Sao Paulo;SAO PAULO;2082829;"HOSP MUN PROFESSOR DOUTOR
ALIPIO CORREA NETTO";M;Municipais;82;82;-;4;;10;10;-;10;-;;;;
1;GRANDE S. PAULO;Sao Paulo;SAO PAULO;2084139;"HOSP MUN DR BENEDICTO
MONTENEGRO";M;Municipais;21;21;-;6;;-;-;-;-;-;;;;
1;GRANDE S. PAULO;Sao Paulo;SAO PAULO;2084473;"HOSP MUN DR IGNACIO PROENCA DE
GOUVEA";M;Municipais;53;53;30;12;;12;12;12;20;-;30;;;
1;GRANDE S. PAULO;Sao Paulo;SAO PAULO;2088576;"HOSP DE TRANSPLANT DO EST DE SP
EURYCLIDES DE JESUS ZERBINI";E;Estaduais-OSS;79;79;-;-;;16;16;-;-;-;;;;
1;GRANDE S. PAULO;Sao Paulo;SAO PAULO;2089602;HOSPITAL SEPACO;M;Priv.s. fins lucrativos;;;-;-;;;;-;-;-;;;;
1;GRANDE S. PAULO;Sao Paulo;SAO PAULO;2089777;HOSPITAL NIPO BRASILEIRO;M;Priv.s. fins lucrativos;67;-;-;-;;23;-;-;-;-;;;;
1;GRANDE S. PAULO;Sao Paulo;SAO PAULO;2091313;HOSPITAL REGIONAL SUL SAO PAULO;E;Estaduais-Direta;16;16;16;29;;14;9;9;-;-;;21;;
1;GRANDE S. PAULO;Sao Paulo;SAO PAULO;2091550;"INST CEMA DE OFTALMOLOGIA E
OTORRINOLARINGOLOGIA";M;Priv.s. fins lucrativos;1;1;-;-;;-;-;-;-;-;;;;
1;GRANDE S. PAULO;Sao Paulo;SAO PAULO;2091585;"HOSPITAL ESTADUAL DE SAPOPEMBA
SAO PAULO";E;Estaduais-OSS;38;38;-;-;;20;20;-;-;-;;;;
1;GRANDE S. PAULO;Sao Paulo;SAO PAULO;2091755;HOSPITAL GERAL DE VILA PENTEADO DR JOSE PANGELLA SAO PAULO;E;Estaduais-Direta;83;83;12;40;;11;11;10;10;-;25;;;
1;GRANDE S. PAULO;Sao Paulo;SAO PAULO;2688573;"HOSPITAL GERAL DE VILA NOVA
CACHOEIRINHA SAO PAULO";E;Estaduais-Direta;60;60;44;-;;30;20;8;-;-;10;;;
1;GRANDE S. PAULO;Sao Paulo;SAO PAULO;2688581;"HOSPITAL GERIATRICO E DE
CONVALESCENTES D PEDRO II";M;Priv.s. fins lucrativos;18;18;-;-;;-;-;-;-;-;;;;
1;GRANDE S. PAULO;Sao Paulo;SAO PAULO;2688689;"SANTA CASA DE SAO PAULO HOSPITAL
CENTRAL SAO PAULO";E;Priv.s. fins lucrativos;143;143;30;16;;63;55;30;-;-;;30;;
1;GRANDE S. PAULO;Sao Paulo;SAO PAULO;102075;HM BELA VISTA - ANTONIO CARLOS;M;Municipais;64;64;;;;-;-;;;;;120;;
1;GRANDE S. PAULO;Sao Paulo;SAO PAULO;2752077;HOSP DO SERV PUB MUNICIPAL HSPM;M;Municipais;107;32;-;-;;25;10;-;-;-;;;;25
1;GRANDE S. PAULO;Sao Paulo;SAO PAULO;2786680;"HOSP MUN FERNANDO MAURO PIRES
DA ROCHA";M;Municipais;62;62;-;4;;10;10;-;10;-;;;;
1;GRANDE S. PAULO;Sao Paulo;SAO PAULO;3001466;"CENTRO HOSPITALAR DO SISTEMA
PENITENCIARIO SAO PAULO";E;Estaduais-OSS;95;95;10;-;;-;-;-;11;-;;;;
1;GRANDE S. PAULO;Sao Paulo;SAO PAULO;3212130;HOSP MUN VER JOSE STOROPOLLI;M;Municipais;49;49;-;29;;10;10;-;10;-;10;;;
1;GRANDE S. PAULO;Sao Paulo;SAO PAULO;3566692;RESIDENCIAL ALBERT EINSTEIN;M;Priv.s. fins lucrativos;192;-;-;-;;-;-;-;-;-;;;;
1;GRANDE S. PAULO;Sao Paulo;SAO PAULO;5420938;HOSP MUN CARMEN PRUDENTE;M;Municipais;48;48;-;16;;13;10;-;10;-;10;;;
1;GRANDE S. PAULO;Sao Paulo;SAO PAULO;5437156;HOSPITAL LOCAL DE SAPOPEMBA;E;Estaduais-OSS;39;39;-;-;;-;-;-;-;-;;;;
1;GRANDE S. PAULO;Sao Paulo;SAO PAULO;5718368;HOSP MUN M BOI MIRIM;M;Municipais;44;44;44;16;;20;20;20;30;-;74;;;
1;GRANDE S. PAULO;Sao Paulo;SAO PAULO;7711980;"HOSP MUN GILSON DE CASSIA
MARQUES DE CARVALHO";M;Municipais;57;57;-;-;;20;20;-;30;-;20;;;
1;GRANDE S. PAULO;Sao Paulo;SAO PAULO;2688565;HOSPITAL SÃO CAMILO /POMPEIA;M;Priv.s. fins lucrativos;81;-;-;6;;37;-;-;9;-;;;;
1;GRANDE S. PAULO;Sao Paulo;SAO PAULO;9465464;"HOSP MUN JOSANIAS CASTANHA
BRAGA";M;Municipais;1;1;-;-;;-;-;-;40;-;60;-;;188
1;GRANDE S. PAULO;Sao Paulo;SÃO PAULO;1012040;"HM de Campanha-COVID 19 SMS/SP -
Estadio Pacaembú";M;Municipais;;;-;200;;;;-;-;-;-;;-;
1;GRANDE S. PAULO;Sao Paulo;SÃO PAULO;113123;"HM de Campanha-COVID 19 -SMS/SP -
Anhembi Portao 35";M;Municipais;;;;294;26;-;-;;-;;;;;
1;GRANDE S. PAULO;Sao Paulo;SÃO PAULO;120083;"HM de Campanha-COVID 19 -SMS/SP -
Anhembi Portão 38";M;Municipais;;;-;518;962;;;-;-;-;-;;-;
1;GRANDE S. PAULO;Sao Paulo;SÃO PAULO;102105;"HM de Campanha - COVID 19 - Vila
Brasilândia";M;Municipais;;;-;;;-;-;-;-;-;;;-;
1;GRANDE S. PAULO;Sao Paulo;SÃO PAULO;127868;Hospital de Campanha- Ibirapuera;E;Estaduais-OSS;;;;240;;-;-;;;;;;;
1;GRANDE S. PAULO;Sao Paulo;SÃO PAULO;127876;Hosp de  COVID 19 Barradas;E;Estaduais-OSS;;;;28;148;-;-;;;;;;;24
1;GRANDE S. PAULO;Sao Paulo;SÃO PAULO;2077612;"Hosp Cong das Irmas Hospitaleiras
Sagrado Cor. Jesus";M;Municipais;;;-;;;;;-;-;-;;;;
1;GRANDE S. PAULO;Sao Paulo;SÃO PAULO;2077507;HOSPITAL LEFORTE;M;Municipais;45;3;;;;37;30;;;;;;2;2
1;GRANDE S. PAULO;Sao Paulo;SÃO PAULO;102105;"HOSPITAL MUNICIPAL VILA
BRASILANDIA";M;Municipais;1;1;;;;-;-;;;;;;20;
1;GRANDE S. PAULO;Sao Paulo;SÃO PAULO;7992890;HOSPITAL UNISA;M;Municipais;65;65;;;;-;-;;;;;;5;
1;GRANDE S. PAULO;Sao Paulo;SÃO PAULO;3080494;"HOSPITAL DA CRUZ VERMELHA DE
SÃO PAULO";M;Municipais;;;;;;;;;;;;;10;30
1;GRANDE S. PAULO;Sao Paulo;SÃO PAULO;9554157;HOSPITAL SALVALUZ-NOTRE DAME;M;Municipais;264;-;;;;120;-;;;;;;;10
1;GRANDE S. PAULO;Sao Paulo;SÃO PAULO;2089653;HOSPITAL NEX BUTANTÃ -AMIL;M;Municipais;11;-;;;;10;-;;;;;;;16
1;GRANDE S. PAULO;Sao Paulo;SÃO PAULO;2080796;HOSPITAL SÃO CRISTÓVÃO;M;Municipais;96;-;;;;30;-;;;;;;;5
1;GRANDE S. PAULO;Sao Paulo;SÃO PAULO;161438;"HOSPITTAL MUNICIPAL
GUARAPIRANGA";M;Municipais;;;;;;;;;;;;;;80
1;GRANDE S. PAULO;Sao Paulo;SÃO PAULO;158100;HOSPITAL MUNCIPAL DA BRIGADEIRO;M;Municipais;;;;;;;;;;;;;;20
1;GRANDE S. PAULO;Sao Paulo;SÃO PAULO;2079445;HOSPITAL SANTA ISABEL;M;Municipais;50;-;;;;25;-;;;;;;20;
1;GRANDE S. PAULO;Sao Paulo;SÃO PAULO;2078597;HOSPITAL ALEMÃO OSWALDO CRUZ;M;Municipais;78;-;;;;30;-;;;;;;20;
2;ARAÇATUBA;Central do DRS II;ARACATUBA;2078775;"SANTA CASA DE ARACATUBA
HOSPITAL SAGRADO CORACAO DE JESUS";E;Priv.s. fins lucrativos;83;53;19;-;;20;20;-;-;-;;;9;
2;ARAÇATUBA;Central do DRS II;ARACATUBA;2082675;"ASSOCIACAO DE AMPARO AO
EXCEPCIONAL RITINHA PRATES";M;Priv.s. fins lucrativos;;;-;-;;;;-;-;-;;;;
2;ARAÇATUBA;Central do DRS II;ARACATUBA;7780745;"CENTRO MEDICO ARACATUBA
HOSPITAL CENTRAL";M;Privado;11;5;-;-;;-;-;-;-;-;;;;
2;ARAÇATUBA;Central do DRS II;ARACATUBA;2077566;HOSPITAL DA MULHER;M;Municipais;;;;-;33;;;;;;;;;
2;ARAÇATUBA;Central do DRS II;AURIFLAMA;2081768;SANTA CASA DE AURIFLAMA;M;Priv.s. fins lucrativos;22;17;7;-;;-;-;-;-;-;;;;
2;ARAÇATUBA;Central do DRS II;BILAC;2080915;"HOSPITAL BENEFICENTE PADRE
BERNARDO BRAAKIUS";M;Priv.s. fins lucrativos;20;19;7;-;;-;-;-;-;-;;;;
2;ARAÇATUBA;Central do DRS II;GUARARAPES;2081814;SANTA CASA DE GUARARAPES;M;Priv.s. fins lucrativos;39;24;9;-;;-;-;-;-;-;;;;
2;ARAÇATUBA;Central do DRS II;VALPARAISO;2081105;SANTA CASA DE VALPARAISO;M;Priv.s. fins lucrativos;25;14;10;-;;-;-;-;-;-;;;;
2;ARAÇATUBA;Consorcio do DRS II;ALTO ALEGRE;2081806;HOSPITAL PADRE JOAO W BRAEM;M;Municipais;12;10;6;-;;-;-;-;-;-;;;;
2;ARAÇATUBA;Consorcio do DRS II;BIRIGUI;2078252;SANTA CASA DE BIRIGUI;M;Priv.s. fins lucrativos;43;28;8;-;;10;10;4;-;-;;;;
2;ARAÇATUBA;Consorcio do DRS II;BURITAMA;2079461;"SANTA CASA DE MISERICORDIA SAO
FRANCISCO BURITAMA";M;Priv.s. fins lucrativos;14;8;6;-;;-;-;-;-;-;;;;
2;ARAÇATUBA;Consorcio do DRS II;CLEMENTINA;2080982;HOSPITAL DE CLEMENTINA;E;Priv.s. fins lucrativos;12;11;12;-;;-;-;-;-;-;;;;
2;ARAÇATUBA;Consorcio do DRS II;PENAPOLIS;2078384;HOSPITAL ESPIRITA;M;Priv.s. fins lucrativos;;;-;-;;;;-;-;-;;;;
2;ARAÇATUBA;Consorcio do DRS II;PENAPOLIS;2078503;SANTA CASA DE PENAPOLIS;M;Priv.s. fins lucrativos;32;22;32;-;;8;8;-;10;-;;;;
2;ARAÇATUBA;Consorcio do DRS II;PENAPOLIS;110337;"HOSPITAL DE CAMPANHA COVID 19
CENTRO REG DOS CONSORCIOS";M;Municipais;;;;20;;-;-;;;;-;;;
2;ARAÇATUBA;Lagos do DRS II;ANDRADINA;2082691;SANTA CASA DE ANDRADINA;E;Priv.s. fins lucrativos;69;55;14;-;;10;10;-;-;-;;;;
2;ARAÇATUBA;Lagos do DRS II;CASTILHO;2079216;"HOSPITAL E MATERNIDADE JOSE
FORTUNA";M;Priv.s. fins lucrativos;13;13;9;-;;-;-;-;-;-;;;;
2;ARAÇATUBA;Lagos do DRS II;GUARACAI;2081520;"HOSPITAL E MATERNIDADE DE
GUARACAI";M;Priv.s. fins lucrativos;19;12;8;-;;-;-;-;-;-;;;;
2;ARAÇATUBA;Lagos do DRS II;ILHA SOLTEIRA;2078511;"HOSPITAL REGIONAL DE ILHA
SOLTEIRA";E;Priv.s. fins lucrativos;43;30;12;-;;4;4;-;-;10;;;;
2;ARAÇATUBA;Lagos do DRS II;MIRANDOPOLIS;2083019;"HOSPITAL ESTADUAL DE MIRANDOPOLIS DR OSWALDO
BRANDI FARIA";E;Estaduais-Direta;31;31;16;;;10;10;5;-;-;;;;
2;ARAÇATUBA;Lagos do DRS II;"PEREIRA
BARRETO";2083027;"SANTA CASA DE MISERICORDIA DE
PEREIRA BARRETO";M;Priv.s. fins lucrativos;22;20;10;-;;-;-;-;-;-;;;;
2;ARAÇATUBA;Lagos do DRS II;SUD MENNUCCI;2081245;SANTA CASA DE SUD MENNUCCI;M;Priv.s. fins lucrativos;9;8;4;-;;-;-;-;-;-;;;;
3;ARARAQUARA;Central do DRS III;"AMERICO
BRASILIENSE";2079194;"HOSPITAL NESTOR GOULART REIS
AMERICO BRASILIENSE";E;Estaduais-Direta;;;-;-;;;;-;-;-;;;;
3;ARARAQUARA;Central do DRS III;"AMERICO
BRASILIENSE";6164366;"HOSPITAL ESTADUAL AMERICO
BRASILIENSE";E;Estaduais-OSS;32;32;10;-;;10;10;10;-;-;;;;
3;ARARAQUARA;Central do DRS III;AMERICO BRASILI;2090171;UNIDADE HOSPITALAR DR JOSE NIGRO NETO AMERICO BRASILIENSE;M;Municipais;12;12;1;-;;;;-;-;-;-;;;
3;ARARAQUARA;Central do DRS III;ARARAQUARA;2079763;CASA CAIRBAR SCHUTEL;M;Priv.s. fins lucrativos;;;-;-;;;;-;-;-;;;;
3;ARARAQUARA;Central do DRS III;ARARAQUARA;6943284;"MATERNIDADE GOTA DE LEITE DE
ARARAQUARA";M;Privado;5;3;2;-;;-;-;-;-;-;;;;
3;ARARAQUARA;Central do DRS III;ARARAQUARA;2082527;SANTA CASA DE ARARAQUARA;M;Priv.s. fins lucrativos;60;40;20;-;;18;14;-;-;-;10;;;
3;ARARAQUARA;Central do DRS III;ARARAQUARA;9267263;PRONTO SOCORRO MELHADO;M;Municipais;18;18;-;-;;-;-;-;-;-;;;;
3;ARARAQUARA;Central do DRS III;ARARAQUARA;102741;HOSPITAL DE CAMPANHA COVID19 DE ARARAQUARA(HSOPITAL DA SOLIDARIEDADE);M;Municipais;;;;;31;;;;;;;;;
3;ARARAQUARA;Central do DRS III;BOA ESPERANCA DO SUL;2079402;SANTA CASA SAO VICENTE DE PAULO BOA ESPERANCA DO SUL;M;Priv.s. fins lucrativos;6;6;3;-;;-;-;-;-;-;;;;
3;ARARAQUARA;Centro Oeste do DRS III;BORBOREMA;2081989;"HOSPITAL SAO SEBASTIAO DE
BORBOREMA";M;Priv.s. fins lucrativos;11;10;6;-;;-;-;-;-;-;;;;
3;ARARAQUARA;Centro Oeste do DRS III;IBITINGA;2082640;"SANTA CASA DE CARIDADE E
MATERNIDADE IBITINGA";M;Priv.s. fins lucrativos;38;19;8;-;;10;4;-;5;-;;;;
3;ARARAQUARA;Centro Oeste do DRS III;ITAPOLIS;2079836;"SANTA CASA DE MISERICORDIA
ITAPOLIS";M;Priv.s. fins lucrativos;44;27;11;-;;9;4;-;5;-;;;;
3;ARARAQUARA;Centro Oeste do DRS III;NOVA EUROPA;2747685;"SANTA CASA DE MISERICORDIA NOVA
EUROPA";M;Priv.s. fins lucrativos;6;4;2;6;;-;-;-;-;-;;;;
3;ARARAQUARA;Centro Oeste do DRS III;TABATINGA;2079399;"SANTA CASA DE MISERICORDIA
TABATINGA SP";M;Priv.s. fins lucrativos;16;10;8;10;;-;-;-;-;-;;;;
3;ARARAQUARA;Coracao do DRS III;DESCALVADO;2081717;SANTA CASA DESCALVADO;M;Priv.s. fins lucrativos;36;32;14;2;;-;-;-;-;-;;;;
3;ARARAQUARA;Coracao do DRS III;DOURADO;9329080;"HOSPITAL E MATERNIDADE PUBLICO
DE DOURADO";M;Privado;6;6;3;5;;-;-;-;-;-;;;;
3;ARARAQUARA;Coracao do DRS III;IBATE;2092395;HOSPITAL MUNICIPAL IBATE;M;Municipais;10;10;4;-;;-;-;-;-;-;;;;
3;ARARAQUARA;Coracao do DRS III;PORTO FERREIRA;2082322;HOSPITAL DONA BALBINA;M;Priv.s. fins lucrativos;22;13;4;-;;6;4;1;-;-;;;;
3;ARARAQUARA;Coracao do DRS III;"RIBEIRAO
BONITO";2747693;"SANTA CASA DE MISERICORDIA
RIBEIRAO BONITO";M;Priv.s. fins lucrativos;8;5;3;7;;-;-;-;-;-;;;;
3;ARARAQUARA;Coracao do DRS III;SAO CARLOS;2080931;SANTA CASA DE SAO CARLOS;M;Priv.s. fins lucrativos;131;84;26;-;;20;15;16;8;-;;;;
3;ARARAQUARA;Coracao do DRS III;SAO CARLOS;5586348;"HOSPITAL UNIVERST DA UFSCAR PROF
DR HORACIO C PANEPUCCI";M;Priv.s. fins lucrativos;48;48;5;27;;-;-;-;-;-;;;;10
3;ARARAQUARA;Norte do DRS III;MATAO;2090961;"HOSPITAL CARLOS FERNANDO
MALZONI MATAO";E;Priv.s. fins lucrativos;89;51;10;-;;18;15;-;3;-;2;;;
3;ARARAQUARA;Norte do DRS III;TAQUARITINGA;2078295;SANTA CASA DE TAQUARITINGA;M;Priv.s. fins lucrativos;66;35;29;-;;8;6;-;-;-;;;;5
4;BAIXADA SANTISTA;Baixada Santista;BERTIOGA;2083272;HOSPITAL MUNICIPAL DE BERTIOGA;M;Municipais;15;15;-;10;;-;-;-;-;-;10;;;
4;BAIXADA SANTISTA;Baixada Santista;CUBATAO;2078473;"HOSPITAL DR LUIZ CAMARGO DA
FONSECA E SILVA";M;Priv.s. fins lucrativos;31;24;-;25;;10;7;-;10;-;;;;
4;BAIXADA SANTISTA;Baixada Santista;GUARUJA;2754843;HOSPITAL SANTO AMARO;M;Priv.s. fins lucrativos;50;50;-;-;;20;20;-;10;-;;;;
4;BAIXADA SANTISTA;Baixada Santista;GUARUJA;7544529;"INST DE INFECT EMILIO RIBAS II
BAIXADA SANTISTA";E;Estaduais-OSS;27;27;11;-;;13;13;10;-;-;;;;
4;BAIXADA SANTISTA;Baixada Santista;GUARUJA;;PAM RODOVIARIA;M;Municipais;;;;14;;;;;;;;;;
4;BAIXADA SANTISTA;Baixada Santista;GUARUJA;134716;HOSPITAL DE CAMPANHA GUARUJÁ;M;Municipais;;;;50;;-;-;;;;;;;
4;BAIXADA SANTISTA;Baixada Santista;ITANHAEM;2087804;HOSPITAL REGIONAL JORGE ROSSMANN DE ITANHAEM;E;Estaduais-OSS;30;30;30;15;;20;-;10;10;-;;;;6
4;BAIXADA SANTISTA;Baixada Santista;PRAIA GRANDE;2716097;"COMPLEXO HOSPITALAR IRMA DULCE
O S S";M;Municipais;54;54;44;-;;20;20;-;20;-;;10;;
4;BAIXADA SANTISTA;Baixada Santista;PRAIA GRANDE;105589;"HOSPITAL DE CAMPANHA COVID19
FALCÃO";M;Municipais;;;;;95;-;-;;;;;;;
4;BAIXADA SANTISTA;Baixada Santista;PRAIA GRANDE;105562;"HOSPITAL DE CAMPANHA COVID19
QUIETUDE";M;Municipais;;;;;11;-;-;;;;;;;
4;BAIXADA SANTISTA;Baixada Santista;PRAIA GRANDE;105740;"HOSPITAL DE CAMPANHA COVID19
RODRIGÃO";M;Municipais;;;;;68;-;-;;;;;;;
4;BAIXADA SANTISTA;Baixada Santista;PRAIA GRANDE;6817890;"ASSOCIAÇÃO HOSPITALAR CASA DE
SAUDE DE SANTOS";M;Priv.s. fins lucrativos;43;-;;;;10;-;10;;;;20;;
4;BAIXADA SANTISTA;Baixada Santista;SANTOS;2025752;SANTA CASA DE SANTOS;M;Priv.s. fins lucrativos;163;90;-;30;;71;40;-;20;-;10;;;
4;BAIXADA SANTISTA;Baixada Santista;SANTOS;2079720;"HOSPITAL GUILHERME ALVARO
SANTOS";E;Estaduais-Direta;46;46;14;-;;21;21;11;9;-;;;-;11
4;BAIXADA SANTISTA;Baixada Santista;SANTOS;2080354;HOSPITAL SANTO ANTONIO SANTOS;M;Priv.s. fins lucrativos;74;47;-;-;;18;9;-;4;-;5;;;
4;BAIXADA SANTISTA;Baixada Santista;SANTOS;2698471;"SECAO HOSPITAL MUNICIPAL DR
ARTHUR DOMINGUES PINTO";M;Municipais;51;51;-;19;;-;-;-;-;-;13;;;
4;BAIXADA SANTISTA;Baixada Santista;SANTOS;6998704;"COMPLEXO HOSPITALAR DOS
ESTIVADORES";M;Municipais;140;140;18;30;;17;-;-;10;-;10;;;
4;BAIXADA SANTISTA;Baixada Santista;SANTOS;2042894;"SECAO PRONTO SOCORRO CENTRAL
SEPROS C";M;Municipais;49;49;-;;;5;5;-;;5;;;;
4;BAIXADA SANTISTA;Baixada Santista;SANTOS;102792;"HOSPITAL DE CAMPANHA UPA
CENTRAL";M;Municipais;;;;56;;-;-;;;;-;;;
4;BAIXADA SANTISTA;Baixada Santista;SANTOS;102806;HOSPITAL DE CAMPANHA UPA LESTE;M;Municipais;;;;41;;-;-;;;;-;;;
4;BAIXADA SANTISTA;Baixada Santista;SANTOS;104809;HOSPITAL DE CAMPANHA UNIMED;M;Municipais;;;;-;25;-;-;;;;;-;;
4;BAIXADA SANTISTA;Baixada Santista;SANTOS;104795;HOSPITAL DE CAMPANHA VITÓRIA;M;Municipais;;;;16;94;-;-;;;;-;;;
4;BAIXADA SANTISTA;Baixada Santista;SANTOS;102571;HOSPITAL DE CAMPANHA AFIP;M;Municipais;;;;26;;-;-;;;;;;;
4;BAIXADA SANTISTA;Baixada Santista;SAO VICENTE;2080729;HOSPITAL SAO JOSE SAO VICENTE;M;Priv.s. fins lucrativos;45;-;;20;;10;6;;-;-;10;;;
4;BAIXADA SANTISTA;Baixada Santista;SAO VICENTE;3021378;"HOSPITAL MUNICIPAL DE SAO
VICENTE";M;Municipais;56;52;;10;;10;6;;-;4;9;;;
4;BAIXADA SANTISTA;Baixada Santista;SAO VICENTE;3021378;HOSPITAL DE CAMPANHA INSULAR;M;Municipais;;;;;20;;;;;;;;;
4;BAIXADA SANTISTA;Baixada Santista;SAO VICENTE;7371349;"HOSPITAL DR OLAVO HORNEAUX DE
MOURA SAO VICENTE";M;Municipais;20;20;;20;;-;-;;-;-;;;;
4;BAIXADA SANTISTA;Baixada Santista;SAO VICENTE;;"HOSPITAL DE CAMPANHA AREA
CONTINENTAL";M;Municipais;;;15;;;;;;;;;-;;
5;BARRETOS;Norte - Barretos;BARRETOS;2090236;FUNDACAO PIO XII BARRETOS;E;Priv.s. fins lucrativos;88;88;-;-;;20;20;-;-;-;;;;
5;BARRETOS;Norte - Barretos;BARRETOS;5033543;CASA TRANSITORIA ANDRE LUIZ;E;Priv.s. fins lucrativos;;;-;-;;;;-;-;-;;;;
5;BARRETOS;Norte - Barretos;BARRETOS;2092611;SANTA CASA DE BARRETOS;M;Priv.s. fins lucrativos;54;48;-;-;;34;30;-;-;-;;;;
5;BARRETOS;Norte - Barretos;BARRETOS;9662561;HOSPITAL DE AMOR NOSSA SENHORA;M;Priv.s. fins lucrativos;14;-;-;16;;8;-;-;;36;;;;
5;BARRETOS;Norte - Barretos;CAJOBI;2081296;HOSPITAL JOAO DEPIERI DE CAJOBI;M;Priv.s. fins lucrativos;16;14;5;-;;-;-;-;-;-;;;;
5;BARRETOS;Norte - Barretos;COLINA;2095912;HOSPITAL JOSE VENANCIO;M;Priv.s. fins lucrativos;19;14;9;-;;-;-;-;-;-;;;;
5;BARRETOS;Norte - Barretos;GUAIRA;2078414;SANTA CASA DE GUAIRA;M;Priv.s. fins lucrativos;24;17;11;-;;-;-;-;-;-;;;;
5;BARRETOS;Norte - Barretos;JABORANDI;2023865;"HOSPITAL MUNICIPAL DR AMADEU
PAGLIUSO";M;Municipais;8;8;3;-;;-;-;-;-;-;;;;
5;BARRETOS;Norte - Barretos;OLIMPIA;2082845;SANTA CASA DE OLIMPIA;M;Priv.s. fins lucrativos;28;13;8;-;;7;5;-;3;-;2;;;
5;BARRETOS;Sul - Barretos;BEBEDOURO;2082381;HOSPITAL MUNICIPAL DE BEBEDOURO JULIA PINTO CALDEIRA;M;Municipais;20;20;12;-;;-;-;-;-;-;;;;
5;BARRETOS;Sul - Barretos;"MONTE AZUL
PAULISTA";2053500;HOSPITAL SENHOR BOM JESUS;M;Priv.s. fins lucrativos;18;13;6;-;;-;-;-;-;-;;;;
5;BARRETOS;Sul - Barretos;"MONTE AZUL
PAULISTA";2053519;"MATERNIDADE FERNANDO
MAGALHAES";M;Priv.s. fins lucrativos;14;13;5;-;;-;-;-;-;-;;;;
5;BARRETOS;Sul - Barretos;TERRA ROXA;2083213;HOSPITAL TERRA ROXA;M;Priv.s. fins lucrativos;20;19;5;-;;-;-;-;-;-;;;;
5;BARRETOS;Sul - Barretos;VIRADOURO;2092093;"HOSPITAL E MATERNIDADE SAO
VICENTE DE PAULO VIRADOURO";M;Priv.s. fins lucrativos;24;14;26;-;;-;-;-;-;-;;;;
6;BAURU;Bauru;AGUDOS;2774720;HOSPITAL DE AGUDOS;M;Priv.s. fins lucrativos;22;12;-;-;;-;-;-;-;-;;;;
6;BAURU;Bauru;AREALVA;2791668;SANTA CASA DE AREALVA;M;Priv.s. fins lucrativos;26;15;4;-;;-;-;-;-;-;;;;
6;BAURU;Bauru;BAURU;2790564;HOSPITAL DE REABILITACAO DE ANOMALIAS CRANIOFACIAIS BAURU;E;Estaduais-Universitarios;1;1;-;-;;-;-;-;-;-;;;;
6;BAURU;Bauru;BAURU;2790580;MATERNIDADE SANTA ISABEL;E;Estaduais-OSS;1;1;-;-;;-;-;-;-;-;;;;
6;BAURU;Bauru;BAURU;2790734;"INSTITUTO LAURO DE SOUZA LIMA
BAURU";E;Estaduais-Direta;22;22;-;-;;-;-;-;-;-;;;;
6;BAURU;Bauru;BAURU;2790556;HOSPITAL DE BASE DE BAURU;E;Estaduais-OSS;67;67;-;16;;28;28;-;-;-;;;;
6;BAURU;Bauru;BAURU;2790602;HOSPITAL ESTADUAL BAURU;E;Estaduais-OSS;155;155;31;17;;20;20;20;9;-;;;;
6;BAURU;Bauru;DUARTINA;2790637;HOSPITAL SANTA LUZIA DUARTINA;M;Priv.s. fins lucrativos;42;36;5;-;;-;-;-;-;-;;;;
6;BAURU;Bauru;IACANGA;2791714;SANTA CASA DE IACANGA;M;Priv.s. fins lucrativos;15;13;3;-;;-;-;-;-;-;;;;
6;BAURU;Bauru;"LENCOIS
PAULISTA";2077582;"HOSPITAL NOSSA SENHORA DA
PIEDADE";M;Priv.s. fins lucrativos;28;21;10;-;;5;-;-;-;-;;;;
6;BAURU;Bauru;MACATUBA;2082942;SANTA CASA DE MACATUBA;M;Priv.s. fins lucrativos;18;8;12;-;;-;-;-;-;-;;;;
6;BAURU;Bauru;PEDERNEIRAS;2791749;SANTA CASA DE PEDERNEIRAS;M;Priv.s. fins lucrativos;38;28;16;-;;-;-;-;8;-;;;;
6;BAURU;Bauru;PIRAJUI;2790998;"LAR IRMA DULCE NA PROVIDENCIA DE
DEUS PIRAJUI";E;Priv.s. fins lucrativos;;;-;-;;;;-;-;-;;;;
6;BAURU;Bauru;PIRAJUI;2080370;SANTA CASA DE PIRAJUI;M;Priv.s. fins lucrativos;14;11;-;-;;-;-;-;-;-;;;;
6;BAURU;Bauru;PIRATININGA;2791757;SANTA CASA DE PIRATININGA;M;Priv.s. fins lucrativos;24;21;8;-;;-;-;-;-;-;;;;
6;BAURU;Jau;BARIRI;2791676;SANTA CASA DE BARIRI;M;Priv.s. fins lucrativos;21;15;10;-;;-;-;-;-;-;;;;
6;BAURU;Jau;BARRA BONITA;2082632;"HOSPITAL E MATERNIDADE SAO JOSE
BARRA BONITA";M;Priv.s. fins lucrativos;35;23;13;-;;-;-;-;-;-;;;;
6;BAURU;Jau;BOCAINA;2791730;"SANTA CASA DE MISERICORDIA DE
BOCAINA";M;Priv.s. fins lucrativos;20;18;6;-;;-;-;-;-;-;;;;
6;BAURU;Jau;BROTAS;2081784;"HOSPITAL SANTA THEREZINHA
BROTAS";M;Priv.s. fins lucrativos;19;16;4;3;;-;-;-;-;-;;;;
6;BAURU;Jau;DOIS CORREGOS;2791692;SANTA CASA DE DOIS CORREGOS;M;Priv.s. fins lucrativos;29;21;5;-;;-;-;-;-;-;;;;
6;BAURU;Jau;ITAPUI;2079224;HOSPITAL SAO JOSE;M;Priv.s. fins lucrativos;16;16;5;-;;-;-;-;-;-;;;;
6;BAURU;Jau;JAU;2083086;HOSPITAL AMARAL CARVALHO JAU;E;Priv.s. fins lucrativos;58;29;-;-;;20;16;-;-;-;;;;
6;BAURU;Jau;JAU;2790653;HOSPITAL TEREZA PERLATTI JAU;E;Priv.s. fins lucrativos;80;40;-;-;;;;-;-;-;;;;
6;BAURU;Jau;JAU;2791722;SANTA CASA DE JAU;M;Priv.s. fins lucrativos;94;60;8;8;;35;24;5;10;-;;;;
6;BAURU;Jau;TORRINHA;2080605;"HOSPITAL PADRE NICANOR MERINO
TORRINHA";M;Priv.s. fins lucrativos;12;9;6;-;;-;-;-;-;-;;;;
6;BAURU;Lins;CAFELANDIA;2791684;SANTA CASA DE CAFELANDIA;M;Priv.s. fins lucrativos;23;18;19;-;;-;-;-;-;-;;;;
6;BAURU;Lins;GETULINA;2791706;SANTA CASA DE GETULINA;M;Priv.s. fins lucrativos;38;27;5;-;;-;-;-;-;-;;;;
6;BAURU;Lins;LINS;2081725;CAIS CLEMENTE FERREIRA DE LINS;E;Estaduais-Direta;;;-;-;;;;-;-;-;;;;
6;BAURU;Lins;LINS;2758245;SANTA CASA DE LINS;M;Priv.s. fins lucrativos;15;13;15;28;;10;8;5;;-;;;;
6;BAURU;Lins;PROMISSAO;2790610;HOSPITAL GERAL PREFEITO MIGUEL MARTIN GUALDA DE PROMISSAO;E;Estaduais-Direta;14;14;15;-;;8;8;-;2;-;;;;
6;BAURU;Polo Cuesta;BOTUCATU;2090309;CENTRO DE ATENCAO INTEGRAL A SAUDE CANTIDIO DE MOURA CAMPOS;E;Estaduais-Direta;;;-;-;;;;-;-;-;;;;
6;BAURU;Polo Cuesta;BOTUCATU;2748223;"HOSPITAL DAS CLINICAS DA FACULDADE DE MEDICINA DE
BOTUCATU";E;Estaduais-Universitarios;149;146;50;50;;30;30;6;16;-;;;;14
6;BAURU;Polo Cuesta;CONCHAS;7210094;HOSPITAL MUNICIPAL DE CONCHAS;M;Municipais;10;10;2;4;2;-;-;-;-;-;;;;
6;BAURU;Polo Cuesta;ITATINGA;2076942;HOSPITAL DE ITATINGA;M;Priv.s. fins lucrativos;12;6;3;-;;-;-;-;-;-;;;;
6;BAURU;Polo Cuesta;"LARANJAL
PAULISTA";2079976;SANTA CASA DE LARANJAL PAULISTA;M;Priv.s. fins lucrativos;22;16;10;-;;-;-;-;-;-;;;;
6;BAURU;Polo Cuesta;SAO MANUEL;2080443;"HOSPITAL DA CASA PIA SAO VICENTE
DE PAULA";M;Priv.s. fins lucrativos;7;6;9;-;;-;-;-;3;-;-;;;
6;BAURU;Vale do Jurumirim;ARANDU;2077515;"HOSPITAL SAO VICENTE DE PAULA DE
ARANDU";M;Municipais;5;5;-;-;;-;-;-;-;-;;;;
6;BAURU;Vale do Jurumirim;AVARE;2083604;SANTA CASA DE AVARE;M;Priv.s. fins lucrativos;68;38;6;-;;10;9;3;-;-;;;;
6;BAURU;Vale do Jurumirim;"CERQUEIRA
CESAR";2090333;SANTA CASA DE CERQUEIRA CESAR;M;Priv.s. fins lucrativos;25;18;5;-;;-;-;-;-;-;;;;
6;BAURU;Vale do Jurumirim;FARTURA;2092638;SANTA CASA DE FARTURA;M;Priv.s. fins lucrativos;8;5;7;-;;-;-;-;-;-;;;;
6;BAURU;Vale do Jurumirim;ITAI;2093227;"IRMANDADE DA SANTA CASA DE
MISERICORDIA DE ITAI";M;Priv.s. fins lucrativos;18;18;5;-;;-;-;-;-;-;;;;
6;BAURU;Vale do Jurumirim;ITAPORANGA;2751674;"HOSPITAL E MATERNIDADE NOSSA
SENHORA DAS GRACAS";M;Priv.s. fins lucrativos;25;13;8;-;;-;-;-;-;-;;;;
6;BAURU;Vale do Jurumirim;PARANAPANEMA;6603378;"HOSPITAL MUNICIPAL LEONARDUS
VAN MELLIS";M;Municipais;9;9;6;-;;-;-;-;-;-;;;;
6;BAURU;Vale do Jurumirim;PIRAJU;2081350;HOSPITAL DE PIRAJU;M;Priv.s. fins lucrativos;35;25;11;-;;-;-;-;-;-;;;;
6;BAURU;Vale do Jurumirim;TAGUAI;2082934;"SANTA CASA DE MISERICORDIA DE
TAGUAI";M;Priv.s. fins lucrativos;12;10;2;2;;-;-;-;-;-;;;;
6;BAURU;Vale do Jurumirim;TAQUARITUBA;2079879;SANTA CASA DE TAQUARITUBA;M;Priv.s. fins lucrativos;20;12;5;-;;-;-;-;-;-;;;;
7;CAMPINAS;Braganca;ATIBAIA;5366828;SANTA CASA DE ATIBAIA;M;Priv.s. fins lucrativos;20;20;-;-;;6;-;-;-;-;;;;
7;CAMPINAS;Braganca;"BRAGANCA
PAULISTA";2688433;"SANTA CASA DE MISERICORDIA DE
BRAGANCA PAULISTA";M;Priv.s. fins lucrativos;73;26;43;-;;19;4;4;-;-;;6;;
7;CAMPINAS;Braganca;BRAGANCA PAULISTA;2704900;HOSPITAL UNIVERSITARIO SAO FRANCISCO NA PROVIDENCIA DE DEUS;E;Priv.s. fins lucrativos;29;29;10;-;;20;15;7;10;-;;;;
7;CAMPINAS;Braganca;"BRAGANCA
PAULISTA";7101090;HOSPITAL DE OLHOS BRAGANCA;M;Privado;;;-;-;;;;-;-;-;;;;
7;CAMPINAS;Braganca;"BRAGANCA
PAULISTA";9549846;HOSPITAL BRAGANTINO;M;Privado;16;-;5;;;10;-;5;;10;;;;
7;CAMPINAS;Braganca;JOANOPOLIS;2086719;"SANTA CASA DE MISERICORDIA DE
JOANOPOLIS";M;Municipais;9;9;2;-;;-;-;-;-;-;;;;
7;CAMPINAS;Braganca;"NAZARE
PAULISTA";2084023;"HOSPITAL MUNICIPAL DE NAZARE
PAULISTA";M;Municipais;11;11;4;-;;-;-;-;-;-;;;;
7;CAMPINAS;Braganca;PIRACAIA;2079852;SANTA CASA DE PIRACAIA;M;Priv.s. fins lucrativos;15;13;4;-;;-;-;-;-;-;;;;
7;CAMPINAS;Braganca;SOCORRO;2079704;"HOSPITAL DR RENATO SILVA DE
SOCORRO";M;Priv.s. fins lucrativos;32;30;15;15;-;-;-;-;7;-;;;;
7;CAMPINAS;Circuito das aguas;"AGUAS DE
LINDOIA";2077558;HOSPITAL GERAL DR FRANCISCO TOZZI;M;Priv.s. fins lucrativos;22;15;10;-;;-;-;-;-;-;;;;
7;CAMPINAS;Circuito das aguas;AMPARO;2084317;CLINICA FAZENDA PALMEIRAS;M;Priv.s. fins lucrativos;;;-;-;;;;-;-;-;;;;
7;CAMPINAS;Circuito das aguas;AMPARO;2078848;SANTA CASA ANNA CINTRA;M;Priv.s. fins lucrativos;32;12;7;-;;9;7;1;;6;;;;
7;CAMPINAS;Circuito das aguas;AMPARO;2082195;"BENEFICENCIA PORTUGUESA DE
AMPARO";M;Priv.s. fins lucrativos;16;6;6;-;;-;-;-;-;-;;;;
7;CAMPINAS;Circuito das aguas;SERRA NEGRA;2081393;"HOSPITAL SANTA ROSA DE LIMA DE
SERRA NEGRA";M;Priv.s. fins lucrativos;19;12;8;-;;-;-;-;-;-;;;;
7;CAMPINAS;Jundiai;CABREUVA;2079313;HOSPITAL SAO ROQUE CABREUVA;M;Priv.s. fins lucrativos;6;2;2;-;;-;-;-;-;-;;;;
7;CAMPINAS;Jundiai;"CAMPO LIMPO
PAULISTA";2087219;"HOSPITAL DE CLINICAS CAMPO LIMPO
PAULISTA";M;Municipais;16;16;13;-;;-;-;-;-;-;;;;
7;CAMPINAS;Jundiai;ITUPEVA;2078538;"HOSPITAL NOSSA SENHORA
APARECIDA";M;Priv.s. fins lucrativos;20;20;12;-;;9;-;-;-;9;;;;
7;CAMPINAS;Jundiai;JUNDIAI;2716801;HOSPITAL DA CRIANCA GRENDACC;M;Priv.s. fins lucrativos;8;5;1;-;;;;1;-;-;;;;
7;CAMPINAS;Jundiai;JUNDIAI;3012212;HU HOSPITAL UNIVERSITARIO;M;Municipais;13;6;10;-;;6;6;4;-;-;;;;
7;CAMPINAS;Jundiai;JUNDIAI;3759660;HOSPITAL DIA OFTALMOLOGICO;M;Privado;;;-;-;;;;-;-;-;;;;
7;CAMPINAS;Jundiai;JUNDIAI;2786435;HCSVP HOSPITAL SAO VICENTE;M;Priv.s. fins lucrativos;75;68;55;-;;31;31;16;-;46;;;;
7;CAMPINAS;Jundiai;JUNDIAI;7573162;HOSPITAL REGIONAL DE JUNDIAI;E;Estaduais-OSS;25;25;-;8;;16;10;-;-;-;;;;
7;CAMPINAS;Jundiai;LOUVEIRA;2079917;SANTA CASA DE LOUVEIRA;M;Priv.s. fins lucrativos;9;8;2;-;;4;-;-;-;-;;;;
7;CAMPINAS;Jundiai;"VARZEA
PAULISTA";3949621;"HOSPITAL MUNICIPAL DR AUCIPIO DA
SILVA OLIVEIRA JUNIOR";M;Municipais;26;24;-;-;;-;-;-;-;-;;;;
7;CAMPINAS;Reg. Metrop. Campinas;AMERICANA;2081733;SEARA HOSPITAL PSIQUIATRICO;M;Priv.s. fins lucrativos;;;-;-;;;;-;-;-;;;;
7;CAMPINAS;Reg. Metrop. Campinas;AMERICANA;2058790;"HOSPITAL MUNICIPAL DR WALDEMAR
TEBALDI";M;Municipais;39;39;5;-;;9;6;1;10;-;;;;
7;CAMPINAS;Reg. Metrop. Campinas;AMERICANA;2082179;"HOSPITAL SAO FRANCISCO DE
AMERICANA";M;Priv.s. fins lucrativos;22;-;-;-;;10;-;-;10;;;;;
7;CAMPINAS;Reg. Metrop. Campinas;CAMPINAS;2081482;BOLDRINI CAMPINAS;E;Priv.s. fins lucrativos;50;35;3;-;;;;-;-;-;;;;
7;CAMPINAS;Reg. Metrop. Campinas;CAMPINAS;2084252;SOBRAPAR CAMPINAS;E;Priv.s. fins lucrativos;;;-;-;;1;1;-;-;-;;;;
7;CAMPINAS;Reg. Metrop. Campinas;CAMPINAS;2022621;MATERNIDADE DE CAMPINAS;M;Priv.s. fins lucrativos;11;3;-;-;;6;3;-;4;-;;;;
7;CAMPINAS;Reg. Metrop. Campinas;CAMPINAS;2022648;"HOSPITAL IRMAOS PENTEADO E
SANTA CASA DE CAMPINAS";M;Priv.s. fins lucrativos;61;31;-;-;;17;1;-;10;-;;;;
7;CAMPINAS;Reg. Metrop. Campinas;CAMPINAS;2078465;"REAL SOCIEDADE PORTUGUESA DE
BENEFICENCIA";M;Priv.s. fins lucrativos;62;32;-;-;;37;10;20;13;;;;;
7;CAMPINAS;Reg. Metrop. Campinas;CAMPINAS;2079798;"HOSPITAL DAS CLINICAS DA UNICAMP
DE CAMPINAS";E;Estaduais-Universitarios;163;163;18;30;60;59;59;13;13;5;19;;;
7;CAMPINAS;Reg. Metrop. Campinas;CAMPINAS;2081490;"HOSPITAL MUNICIPAL DR MARIO
GATTI CAMPINAS";M;Municipais;45;45;16;-;;16;16;13;40;;;;;
7;CAMPINAS;Reg. Metrop. Campinas;CAMPINAS;2082128;"HOSPITAL E MATERNIDADE CELSO
PIERRO";M;Priv.s. fins lucrativos;80;52;-;-;;29;17;-;12;-;;;;
7;CAMPINAS;Reg. Metrop. Campinas;CAMPINAS;6053858;"COMPLEXO HOSPITALAR PREFEITO
EDIVALDO ORSI";M;Municipais;83;83;8;-;;40;40;30;15;;;;;
7;CAMPINAS;Reg. Metrop. Campinas;CAMPINAS;34053;HOSPITAL ESTADUAL DE COVID 19 CAMPINAS;E;ESTADUAL-AME;;;;15;;;;;;-;-;;;15
7;CAMPINAS;Reg. Metrop. Campinas;CAMPINAS;9806342;"HOSPITAL SAMARITANO DE
CAMPINAS";M;Privado;3;-;-;;;-;-;-;;;;;-;
7;CAMPINAS;Reg. Metrop. Campinas;CAMPINAS;2081946;CASA DE SAUDE;M;Privado;62;-;18;;;11;-;9;;8;;;;6
7;CAMPINAS;Reg. Metrop. Campinas;CAMPINAS;2811626;"HOSPITAL METROPOLITANO
CAMPINAS";M;Privado;7;-;-;31;;9;-;-;;15;;;;
7;CAMPINAS;Reg. Metrop. Campinas;COSMOPOLIS;9639659;"SANTA CASA DE MISERICORDIA DE
COSMOPOLIS";M;Priv.s. fins lucrativos;30;21;20;-;;2;-;-;-;5;;;;
7;CAMPINAS;Reg. Metrop. Campinas;HORTOLANDIA;2087715;"HOSPITAL E MATERNIDADE MUNICIPAL GOVERNADOR MARIO
COVAS";M;Municipais;25;25;9;-;;-;-;-;-;-;10;;;
7;CAMPINAS;Reg. Metrop. Campinas;HORTOLANDIA;110612;"UNIDADE RESPIRATÓRIA NOVA
HORTOLANDIA";M;Municipais;;;;;;;;;;;10;;;
7;CAMPINAS;Reg. Metrop. Campinas;INDAIATUBA;2084244;IRPSI;M;Priv.s. fins lucrativos;;;-;-;;;;-;-;-;;;;
7;CAMPINAS;Reg. Metrop. Campinas;INDAIATUBA;2784602;"HOSPITAL AUGUSTO DE OLIVEIRA
CAMARGO";M;Priv.s. fins lucrativos;54;53;23;18;37;23;20;11;-;-;;;;
7;CAMPINAS;Reg. Metrop. Campinas;ITATIBA;2023709;"SANTA CASA DE MISERICORDIA DE
ITATIBA";M;Priv.s. fins lucrativos;31;13;12;-;;10;3;3;-;10;;;;
7;CAMPINAS;Reg. Metrop. Campinas;ITATIBA;2080206;HOSPITAL ITATIBA;M;Privado;4;3;58;-;;2;-;-;-;-;;;;
7;CAMPINAS;Reg. Metrop. Campinas;JAGUARIUNA;2023474;"HOSPITAL MUNICIPAL WALTER
FERRARI";M;Municipais;25;25;20;12;;-;-;-;;6;;;;
7;CAMPINAS;Reg. Metrop. Campinas;MONTE MOR;2078341;ASSOCIACAO HOSPITAL BENEFICENTE SAGRADO CORACAO DE JESUS;M;Priv.s. fins lucrativos;5;5;6;-;;-;-;-;-;-;;;;
7;CAMPINAS;Reg. Metrop. Campinas;MORUNGABA;6680968;"HOSPITAL MUNICIPAL SANTO
ANTONIO";M;Municipais;6;6;3;-;;-;-;-;-;-;;;;
7;CAMPINAS;Reg. Metrop. Campinas;NOVA ODESSA;2058308;"HOSPITAL MUNICIPAL DR ACILIO
CARREON GARCIA";M;Municipais;17;17;6;-;;-;-;-;-;-;;;;
7;CAMPINAS;Reg. Metrop. Campinas;PAULINIA;2081059;HOSPITAL MUNICIPAL DE PAULINIA;M;Municipais;28;28;11;-;;6;4;4;-;10;;;;
7;CAMPINAS;Reg. Metrop. Campinas;PEDREIRA;2078422;FUNBEPE PEDREIRA;M;Municipais;23;23;32;-;;-;-;-;-;10;;;;
7;CAMPINAS;Reg. Metrop. Campinas;PEDREIRA;7822421;"HOSPITAL E MATERNIDADE
HUMBERTO PIVA";M;Municipais;23;23;-;-;;-;-;-;-;-;;;;
7;CAMPINAS;Reg. Metrop. Campinas;SANTA BARBARA D'OESTE;2079232;HOSPITAL SANTA BARBARA;M;Priv.s. fins lucrativos;75;40;5;-;;9;8;-;-;-;5;;;
7;CAMPINAS;Reg. Metrop. Campinas;SUMARE;2083981;HOSPITAL ESTADUAL SUMARE;E;Estaduais-OSS;34;34;34;-;;18;18;7;24;-;;;;
7;CAMPINAS;Reg. Metrop. Campinas;VALINHOS;2097877;"IRMANDADE DA SANTA CASA DE
MISERICORDIA DE VALINHOS";M;Priv.s. fins lucrativos;40;30;26;-;;26;4;4;-;-;8;;;
7;CAMPINAS;Reg. Metrop. Campinas;VINHEDO;2699915;SANTA CASA DE VINHEDO;M;Priv.s. fins lucrativos;27;21;14;-;;18;-;-;-;-;5;;;
7;CAMPINAS;Reg. Metrop. Campinas;"ARTUR
NOGUEIRA";9208127;"INSTITUTO MEDIZIN DE SAÚDE -
IMEDIS";M;Municipais;5;-;;;;-;-;;;;;;;8
8;FRANCA;Alta Anhanguera;IPUA;2080451;SANTA CASA DE IPUA;M;Priv.s. fins lucrativos;35;29;4;-;;-;-;-;-;-;;;;
8;FRANCA;Alta Anhanguera;MORRO AGUDO;2745801;"HOSPITAL SAO MARCOS MORRO
AGUDO";M;Priv.s. fins lucrativos;17;11;-;-;;-;-;-;-;-;;;;
8;FRANCA;Alta Anhanguera;ORLANDIA;2745798;"HOSPITAL BENEFICENTE SANTO
ANTONIO ORLANDIA";M;Priv.s. fins lucrativos;36;22;9;-;;-;-;-;-;-;;;;
8;FRANCA;Alta Anhanguera;SALES OLIVEIRA;2078112;"HOSPITAL SANTA RITA DE SALES
OLIVEIRA";M;Priv.s. fins lucrativos;16;11;-;-;;-;-;-;-;-;;;;
8;FRANCA;Alta Anhanguera;"SAO JOAQUIM
DA BARRA";2080044;"SANTA CASA DE SAO JOAQUIM DA
BARRA";E;Priv.s. fins lucrativos;46;27;9;-;;8;8;-;-;-;5;;;
8;FRANCA;Alta Mogiana;GUARA;2083973;SANTA CASA DE GUARA;M;Priv.s. fins lucrativos;22;18;9;-;;-;-;-;-;-;;;;
8;FRANCA;Alta Mogiana;IGARAPAVA;2079348;SANTA CASA DE IGARAPAVA;M;Priv.s. fins lucrativos;36;27;6;-;;-;-;-;-;-;;;;
8;FRANCA;Alta Mogiana;ITUVERAVA;2751704;"SANTA CASA DE MISERICORDIA DE
ITUVERAVA";M;Priv.s. fins lucrativos;39;22;6;-;;10;9;-;-;-;10;;;
8;FRANCA;Alta Mogiana;MIGUELOPOLIS;2088525;SANTA CASA DE MIGUELOPOLIS;M;Priv.s. fins lucrativos;11;7;15;-;;-;-;-;-;-;;;;
8;FRANCA;Tres Colinas;FRANCA;2080117;"HOSPITAL PSIQUIATRICO ALLAN
KARDEC FRANCA SP";M;Priv.s. fins lucrativos;;;-;-;;;;-;-;-;;;;
8;FRANCA;Tres Colinas;FRANCA;2705982;SANTA CASA DE FRANCA;E;Priv.s. fins lucrativos;99;91;-;-;24;28;27;-;-;-;10;;;
8;FRANCA;Tres Colinas;"PATROCINIO
PAULISTA";2078449;"SANTA CASA DE PATROCINIO
PAULISTA";E;Priv.s. fins lucrativos;16;6;10;-;;-;-;-;-;-;;;;
8;FRANCA;Tres Colinas;PEDREGULHO;2080478;"SANTA CASA DE MISERICORDIA DE
PEDREGULHO";E;Priv.s. fins lucrativos;43;39;10;-;;-;-;-;-;-;;;;
9;MARÍLIA;Adamantina;ADAMANTINA;2082446;CLINICA NOSSO LAR ADAMANTINA;M;Priv.s. fins lucrativos;;;-;-;;;;-;-;-;;;;
9;MARÍLIA;Adamantina;ADAMANTINA;2077647;SANTA CASA DE ADAMANTINA;M;Priv.s. fins lucrativos;45;35;17;-;;5;4;-;-;-;;;;5
9;MARÍLIA;Adamantina;"FLORIDA
PAULISTA";2745402;"SANTA CASA DE MISERICORDIA DE
FLORIDA PAULISTA";E;Priv.s. fins lucrativos;25;17;-;-;;-;-;-;-;-;;;;
9;MARÍLIA;Adamantina;LUCELIA;2081431;SANTA CASA DE LUCELIA;M;Priv.s. fins lucrativos;13;9;6;-;;-;-;-;-;-;;;;
9;MARÍLIA;Adamantina;OSVALDO CRUZ;2082586;"SANTA CASA DE MISERICORDIA DE
OSVALDO CRUZ";M;Priv.s. fins lucrativos;33;27;12;-;;-;-;-;-;-;6;;;
9;MARÍLIA;Adamantina;PACAEMBU;2080907;SANTA CASA PACAEMBU;M;Priv.s. fins lucrativos;17;15;1;-;;-;-;-;-;-;;;;
9;MARÍLIA;Assis;ASSIS;2081083;SANTA CASA DE ASSIS;M;Priv.s. fins lucrativos;31;19;8;-;;11;10;-;4;-;1;;;
9;MARÍLIA;Assis;ASSIS;2083094;HOSPITAL REGIONAL DE ASSIS;E;Estaduais-Direta;20;20;14;-;;10;10;-;-;-;6;;;
9;MARÍLIA;Assis;ASSIS;155829;HOSPITAL DE CAMPANHA DE ASSIS;M;Municipais;;;;10;22;;;;;;;;;
9;MARÍLIA;Assis;CANDIDO MOTA;2080842;"SANTA CASA DE MISERICORDIA DE
CANDIDO MOTA";M;Priv.s. fins lucrativos;9;8;6;-;;-;-;-;-;-;;;;
9;MARÍLIA;Assis;MARACAI;2079437;HOSPITAL BENEFICENTE DE MARACAI;M;Priv.s. fins lucrativos;14;12;1;-;;-;-;-;-;-;;;;
9;MARÍLIA;Assis;PALMITAL;2080958;"SANTA CASA DE MISERICORDIA DE
PALMITAL";M;Priv.s. fins lucrativos;13;11;7;-;;-;-;-;-;-;;;;
9;MARÍLIA;Assis;"PARAGUACU
PAULISTA";2082519;"SANTA CASA DE PARAGUACU
PAULISTA";M;Priv.s. fins lucrativos;34;29;20;-;;10;10;-;5;-;;;;
9;MARÍLIA;Marilia;GALIA;2080737;HOSPITAL SAO VICENTE DE GALIA;M;Priv.s. fins lucrativos;24;15;-;-;;-;-;-;-;-;;;;
9;MARÍLIA;Marilia;GARCA;2745356;CLINICA ANDRE LUIZ;E;Priv.s. fins lucrativos;;;-;-;;;;-;-;-;;;;
9;MARÍLIA;Marilia;GARCA;2079844;"HOSPITAL E MATERNIDADE
SAMARITANO";M;Priv.s. fins lucrativos;;;-;-;;;;-;-;-;;;;
9;MARÍLIA;Marilia;GARCA;9680500;AHBB;M;Priv.s. fins lucrativos;24;15;7;-;;-;-;-;-;-;;;;
9;MARÍLIA;Marilia;MARILIA;2080990;HOSPITAL ESPIRITA DE MARILIA;M;Priv.s. fins lucrativos;28;5;-;-;;-;-;-;-;-;;;;
9;MARÍLIA;Marilia;MARILIA;2086050;MATERNIDADE GOTA DE LEITE;M;Priv.s. fins lucrativos;4;4;-;-;;-;-;-;-;-;;;;
9;MARÍLIA;Marilia;MARILIA;2025507;HOSPITAL DAS CLINICAS HCFAMEMA;E;Estaduais-Universitarios;85;79;38;-;;36;24;-;20;;;;;
9;MARÍLIA;Marilia;MARILIA;2083116;SANTA CASA DE MARILIA;M;Priv.s. fins lucrativos;41;28;15;-;;25;14;-;-;7;;;;
9;MARÍLIA;Marilia;MARILIA;5860490;HOSPITAL UNIVERSITARIO DE MARILIA;M;Priv.s. fins lucrativos;134;105;-;40;;30;20;-;4;6;;;;
9;MARÍLIA;Marilia;MARILIA;9377255;CLINICA ACONCHEGO;M;Priv.s. fins lucrativos;21;-;-;-;;-;-;-;-;-;;;;
9;MARÍLIA;Marilia;POMPEIA;2080621;SANTA CASA POMPEIA;M;Priv.s. fins lucrativos;9;7;-;-;;-;-;-;-;-;;;;
9;MARÍLIA;Ourinhos;"BERNARDINO DE
CAMPOS";2082497;"SANTA CASA HOSPITAL JESUS MARIA
JOSE";M;Priv.s. fins lucrativos;17;17;6;-;;-;-;-;-;-;;;;
9;MARÍLIA;Ourinhos;CHAVANTES;2082438;SANTA CASA DE CHAVANTES;E;Priv.s. fins lucrativos;38;20;5;-;;-;-;-;-;-;;;;
9;MARÍLIA;Ourinhos;IPAUSSU;2081660;SANTA CASA DE IPAUCU;M;Priv.s. fins lucrativos;23;14;5;-;;-;-;-;-;-;;;;
9;MARÍLIA;Ourinhos;OURINHOS;4049020;SANTA CASA DE OURINHOS;M;Priv.s. fins lucrativos;48;28;10;-;;17;15;-;-;-;;10;;
9;MARÍLIA;Ourinhos;OURINHOS;112542;HOSPITAL DE CAMPANHA;M;Municipais;;;;50;;-;-;;;;;;;
9;MARÍLIA;Ourinhos;SALTO GRANDE;2082756;SANTA CASA DE SALTO GRANDE;M;Priv.s. fins lucrativos;20;13;4;-;;-;-;-;-;-;;;;
9;MARÍLIA;Ourinhos;"SANTA CRUZ DO
RIO PARDO";2084058;"SANTA CASA MISER STACRUZ RIO
PARDO";M;Priv.s. fins lucrativos;31;19;5;-;;6;6;-;-;5;;;;
9;MARÍLIA;Tupa;BASTOS;2092980;HOSPITAL DE BASTOS;M;Priv.s. fins lucrativos;16;12;16;-;;-;-;-;-;-;5;;;
9;MARÍLIA;Tupa;HERCULANDIA;2080281;HOSPITAL SAO JOSE DE HERCULANDIA;E;Priv.s. fins lucrativos;49;49;10;-;;-;-;-;-;-;;;;
9;MARÍLIA;Tupa;PARAPUA;2081229;SANTA CASA DE PARAPUA;M;Priv.s. fins lucrativos;25;20;-;-;;-;-;-;-;-;;;;
9;MARÍLIA;Tupa;RINOPOLIS;2081237;HOSPITAL SAO PAULO DE RINOPOLIS;M;Priv.s. fins lucrativos;15;14;-;-;;-;-;-;-;-;;;;
9;MARÍLIA;Tupa;TUPA;2082454;CASA DA CRIANCA DE TUPA;E;Priv.s. fins lucrativos;;;-;-;;;;-;-;-;;;;
9;MARÍLIA;Tupa;TUPA;2080664;SANTA CASA DE TUPA;E;Priv.s. fins lucrativos;46;41;14;-;;22;20;-;5;-;5;;;
10;PIRACICABA;Araras;ARARAS;2082470;CLINICA SAYAO ARARAS;E;Priv.s. fins lucrativos;;;-;-;;;;;-;-;;;;
10;PIRACICABA;Araras;ARARAS;2081253;HOSPITAL SAO LUIZ DE ARARAS;M;Priv.s. fins lucrativos;63;40;7;-;;11;10;;-;-;;;;
10;PIRACICABA;Araras;CONCHAL;2084430;"HOSPITAL E MATERNIDADE MADRE
VANNINI CONCHAL SP";M;Priv.s. fins lucrativos;17;15;7;-;;-;-;;-;-;;;;
10;PIRACICABA;Araras;LEME;2078074;SANTA CASA DE LEME;M;Priv.s. fins lucrativos;35;25;12;-;;8;6;;-;-;;;;5
10;PIRACICABA;Araras;PIRASSUNUNGA;2785382;SANTA CASA DE PIRASSUNUNGA;M;Priv.s. fins lucrativos;38;23;8;-;;10;6;;-;-;;;;
10;PIRACICABA;Limeira;LIMEIRA;2081458;SANTA CASA DE LIMEIRA;M;Priv.s. fins lucrativos;45;40;6;-;;26;26;;10;-;;;;
10;PIRACICABA;Limeira;LIMEIRA;2087103;"SOCIEDADE OPERARIA HUMANITARIA
LIMEIRA";M;Priv.s. fins lucrativos;25;21;4;-;;9;8;;5;-;;;;
10;PIRACICABA;Piracicaba;CAPIVARI;2748568;SANTA CASA DE CAPIVARI;M;Priv.s. fins lucrativos;25;25;12;-;;-;-;;-;-;;;;
10;PIRACICABA;Piracicaba;CHARQUEADA;2748436;HOSP MAT BENEF DE CHARQUEADA;M;Priv.s. fins lucrativos;17;13;-;-;;-;-;;-;-;;;;
10;PIRACICABA;Piracicaba;PIRACICABA;2087057;"HOSPITAL DOS FORNECEDORES DE
CANA DE PIRACICABA";M;Priv.s. fins lucrativos;90;57;7;-;;30;19;;8;-;;;;
10;PIRACICABA;Piracicaba;PIRACICABA;2772310;SANTA CASA DE PIRACICABA;M;Priv.s. fins lucrativos;67;51;-;-;;24;16;;2;-;3;;;
10;PIRACICABA;Piracicaba;PIRACICABA;9425802;HOSPITAL REGIONAL DE PIRACICABA;E;Estaduais-OSS;40;40;18;42;;18;10;;18;;;;;
10;PIRACICABA;Piracicaba;RIO DAS PEDRAS;2766167;HOSPITAL E MATERNIDADE SAO VICENTE DE PAULO RIO DAS PEDRAS;M;Priv.s. fins lucrativos;17;16;-;-;;-;-;;-;-;;;;5
10;PIRACICABA;Piracicaba;SAO PEDRO;2084422;SANTA CASA DE SAO PEDRO;M;Priv.s. fins lucrativos;40;36;5;-;;-;-;;5;-;;;;
10;PIRACICABA;Rio Claro;ITIRAPINA;2798239;HOSPITAL SAO JOSE ITIRAPINA;M;Municipais;8;8;-;-;;-;-;;-;-;;;;
10;PIRACICABA;Rio Claro;RIO CLARO;2083159;BEZERRA DE MENEZES RIO CLARO;E;Priv.s. fins lucrativos;;;-;-;;;;;-;-;;;;
10;PIRACICABA;Rio Claro;RIO CLARO;2081113;"HOSPITAL SANTA FILOMENA DE RIO
CLARO";M;Privado;20;3;-;20;3;4;-;;-;-;;;;
10;PIRACICABA;Rio Claro;RIO CLARO;2082888;SANTA CASA DE RIO CLARO;M;Priv.s. fins lucrativos;28;15;10;-;;20;10;;10;-;;;;
11;"PRESIDENTE
PRUDENTE";Alta Paulista;DRACENA;2750988;SANTA CASA DE DRACENA;M;Priv.s. fins lucrativos;78;60;-;-;;10;10;10;-;-;;10;;
11;"PRESIDENTE
PRUDENTE";Alta Paulista;JUNQUEIROPOLIS;2751003;SANTA CASA DE JUNQUEIROPOLIS;M;Priv.s. fins lucrativos;22;16;4;-;;-;-;-;-;-;;;;
11;"PRESIDENTE
PRUDENTE";Alta Paulista;PANORAMA;2079283;SANTA CASA DE PANORAMA;M;Priv.s. fins lucrativos;19;18;6;-;;-;-;-;-;-;;;;
11;"PRESIDENTE
PRUDENTE";Alta Paulista;TUPI PAULISTA;2081385;SANTA CASA DE TUPI PAULISTA;M;Priv.s. fins lucrativos;26;16;10;-;;-;-;-;-;-;;;;
11;"PRESIDENTE
PRUDENTE";Alta Sorocabana;"ALVARES
MACHADO";2080508;SANTA CASA DE ALVARES MACHADO;M;Priv.s. fins lucrativos;14;12;2;-;;-;-;-;-;-;;;;
11;"PRESIDENTE
PRUDENTE";Alta Sorocabana;MARTINOPOLIS;2751011;SANTA CASA MISERICORDIA PADRE JOAO SCHNEIDER MARTINOPOLIS;M;Priv.s. fins lucrativos;28;26;10;-;;-;-;-;-;-;;;;
11;"PRESIDENTE
PRUDENTE";Alta Sorocabana;"PRESIDENTE
BERNARDES";2698374;"HOSPITAL DE MISERICORDIA NOSSA
SENHORA APARECIDA";M;Priv.s. fins lucrativos;36;25;4;-;;-;-;-;-;-;;;;
11;"PRESIDENTE
PRUDENTE";Alta Sorocabana;"PRESIDENTE
PRUDENTE";2058782;"HOSPITAL PSIQUIATRICO ESPIRITA
BEZERRA DE MENEZES P PRUDENT";E;Priv.s. fins lucrativos;;;-;-;;;;-;-;-;;;;
11;"PRESIDENTE
PRUDENTE";Alta Sorocabana;PRESIDENTE PRUDENTE;2750511;HOSPITAL ESTADUAL DR ODILO ANTUNES DE SIQUEIRA P PRUDENTE;E;Estaduais-Direta;6;6;2;-;;-;-;-;-;-;;;;
11;"PRESIDENTE
PRUDENTE";Alta Sorocabana;PRESIDENTE PRUDENTE;2080532;SANTA CASA HOSP DR ARISTOTELES OLIVEIRA MARTINS PRES PRUDENT;E;Priv.s. fins lucrativos;77;48;17;-;;20;10;10;-;-;;;;
11;"PRESIDENTE
PRUDENTE";Alta Sorocabana;PRESIDENTE PRUDENTE;2755130;HOSPITAL DOMINGOS LEONARDO CERAVOLO PRESIDENTE PRUDENTE;E;Estaduais-OSS;132;132;25;-;;30;30;11;5;;5;;;
11;"PRESIDENTE
PRUDENTE";Alta Sorocabana;"PRESIDENTE
PRUDENTE";7400926;HOSPITAL REGIONAL DO CANCER;M;Priv.s. fins lucrativos;56;-;-;80;;10;-;-;-;;;;;
11;"PRESIDENTE
PRUDENTE";Alta Sorocabana;REGENTE FEIJO;2080524;"HOSPITAL E MATERNIDADE REGIONAL
REGENTE FEIJO";M;Priv.s. fins lucrativos;7;7;10;-;;-;-;-;-;-;;;;
11;"PRESIDENTE
PRUDENTE";Alta Sorocabana;"SANTO
ANASTACIO";2751046;SANTA CASA DE SANTO ANASTACIO;M;Priv.s. fins lucrativos;28;22;5;-;;-;-;-;-;-;;;;
11;"PRESIDENTE
PRUDENTE";Alto Capivari;IEPE;2750538;HOSPITAL MUNICIPAL DE IEPE;M;Municipais;10;10;2;-;;-;-;-;-;-;;;;
11;"PRESIDENTE
PRUDENTE";Alto Capivari;RANCHARIA;2081873;"HOSPITAL E MATERNIDADE DE
RANCHARIA";E;Priv.s. fins lucrativos;38;24;5;-;;10;10;1;-;-;;;;
11;"PRESIDENTE
PRUDENTE";Extremo Oeste Paulista;"PRESIDENTE
EPITACIO";2751038;SANTA CASA DE PRESIDENTE EPITACIO;M;Priv.s. fins lucrativos;36;30;57;-;;-;-;-;-;-;;;;
11;"PRESIDENTE
PRUDENTE";Extremo Oeste Paulista;"PRESIDENTE
VENCESLAU";2078139;"SANTA CASA DE PRESIDENTE
VENCESLAU";M;Priv.s. fins lucrativos;39;25;6;-;;10;10;4;-;-;;;;
11;"PRESIDENTE
PRUDENTE";Pontal do Paranapanema;ROSANA;2750546;"HOSPITAL ESTADUAL PORTO
PRIMAVERA ROSANA";E;Estaduais-OSS;24;24;4;-;;-;-;-;-;-;;;;
11;"PRESIDENTE
PRUDENTE";Pontal do Paranapanema;"TEODORO
SAMPAIO";2028239;"HOSPITAL REGIONAL DE TEODORO
SAMPAIO";M;Priv.s. fins lucrativos;35;32;34;-;;-;-;-;-;-;;;;
12;REGISTRO;Vale do Ribeira;PARIQUERA-ACU;2077434;HOSPITAL DR LEOPOLDO BEVILACQUA;E;Estaduais-OSS;20;20;;-;;9;9;;-;-;;;;
12;REGISTRO;Vale do Ribeira;REGISTRO;2079593;HOSPITAL SAO JOAO REGISTRO;E;Priv.s. fins lucrativos;34;25;;10;;-;-;;-;-;;;;
12;REGISTRO;Vale do Ribeira;REGISTRO;9556095;HOSPITAL REGIONAL DE REGISTRO;E;Estaduais-OSS;15;15;60;-;;10;-;;10;-;;;;
13;RIBEIRÃO PRETO;Aquifero Guarani;CRAVINHOS;2079496;SANTA CASA DE CRAVINHOS;M;Priv.s. fins lucrativos;11;10;2;-;;-;-;-;-;-;;;;
13;RIBEIRÃO PRETO;Aquifero Guarani;RIBEIRAO PRETO;2078031;"HOSPITAL SANTA TEREZA DE RIBEIRAO
PRETO";E;Estaduais-Direta;;;-;-;;;;-;-;-;;;;
13;RIBEIRÃO PRETO;Aquifero Guarani;RIBEIRAO PRETO;2079119;"CENTRO DE REF DA SAUDE DA
MULHER DE R PRETO MATER";E;Estaduais-OSS;2;2;8;-;;-;-;-;-;-;;;;
13;RIBEIRÃO PRETO;Aquifero Guarani;RIBEIRAO PRETO;2079275;"HOSPITAL SAO FRANCISCO RIBEIRAO
PRETO";M;Privado;101;4;-;-;;20;-;-;-;-;;;;
13;RIBEIRÃO PRETO;Aquifero Guarani;RIBEIRAO PRETO;2080400;"HOSPITAL IMACULADA CONCEICAO
RIBEIRAO PRETO";M;Priv.s. fins lucrativos;75;49;10;-;;9;9;4;-;-;-;;;
13;RIBEIRÃO PRETO;Aquifero Guarani;RIBEIRAO PRETO;2081164;"HOSPITAL SANTA LYDIA RIBEIRAO
PRETO";M;Priv.s. fins lucrativos;47;40;10;-;;7;5;-;-;-;3;;;
13;RIBEIRÃO PRETO;Aquifero Guarani;RIBEIRAO PRETO;2082187;"HOSPITAL DAS CLINICAS FAEPA
RIBEIRAO PRETO";E;Estaduais-Universitarios;231;231;71;-;;52;52;-;20;17;;;;24
13;RIBEIRÃO PRETO;Aquifero Guarani;RIBEIRAO PRETO;2084414;SANTA CASA DE RIBEIRAO PRETO;M;Priv.s. fins lucrativos;88;57;12;-;;23;16;-;10;-;;;;
13;RIBEIRÃO PRETO;Aquifero Guarani;RIBEIRAO PRETO;3314766;"HOSPITAL ELECTRO BONINI RIBEIRAO
PRETO";M;Priv.s. fins lucrativos;;;-;-;;;;-;-;-;;;;
13;RIBEIRÃO PRETO;Aquifero Guarani;RIBEIRAO PRETO;5887623;HOSPITAL ESTADUAL DE RIB PRETO DR CARLOS EDUARDO MARTINELLI;E;Estaduais-OSS;36;36;-;-;;-;-;-;-;-;;;;
13;RIBEIRÃO PRETO;Aquifero Guarani;RIBEIRAO PRETO;7615280;CANTINHO DO CEU RIBEIRAO PRETO;M;Priv.s. fins lucrativos;;;-;-;;;;-;-;-;;;;
13;RIBEIRÃO PRETO;Aquifero Guarani;SANTA RITA DO PASSA QUATRO;2091275;CAIS CENTRO ATENCAO INTEGRAL SAUDE SANTA RITA PASSA QUATRO;E;Estaduais-Direta;;;-;-;;;;-;-;-;;;;
13;RIBEIRÃO PRETO;Aquifero Guarani;"SANTA RITA DO
PASSA QUATRO";2091267;"SANTA CASA SANTA RITA DO PASSA
QUATRO";M;Priv.s. fins lucrativos;26;19;4;-;;-;-;-;-;-;;;;
13;RIBEIRÃO PRETO;Aquifero Guarani;"SANTA ROSA DE
VITERBO";2746298;"SANTA CASA DE SANTA ROSA DE
VITERBO";M;Priv.s. fins lucrativos;20;12;2;-;;-;-;-;-;-;;;;
13;RIBEIRÃO PRETO;Aquifero Guarani;SAO SIMAO;2058243;"SANTA CASA DE MISERICORDIA DE
SAO SIMAO";M;Priv.s. fins lucrativos;11;8;4;-;;-;-;-;-;-;;;;
13;RIBEIRÃO PRETO;Aquifero Guarani;SERRANA;2079364;"SANTA CASA DE MISERICORDIA DE
SERRANA";M;Priv.s. fins lucrativos;24;18;-;-;;-;-;-;-;-;;;;
13;RIBEIRÃO PRETO;Aquifero Guarani;SERRANA;9773657;HOSPITAL ESTADUAL DE SERRANA;E;Estaduais-OSS;40;40;5;4;;10;-;10;-;-;10;;;
13;RIBEIRÃO PRETO;Horizonte Verde;GUARIBA;2026805;SANTA CASA DE GUARIBA;M;Priv.s. fins lucrativos;15;14;5;-;;-;-;-;-;-;;;;
13;RIBEIRÃO PRETO;Horizonte Verde;JABOTICABAL;2025477;"HOSPITAL E MATERNIDADE SANTA
ISABEL DE JABOTICABAL";M;Priv.s. fins lucrativos;35;22;6;-;;8;3;-;-;-;5;;;
13;RIBEIRÃO PRETO;Horizonte Verde;JABOTICABAL;8005877;HOSPITAL SAO MARCOS JABOTICABAL;M;Privado;14;2;-;-;;5;-;-;-;-;;;;
13;RIBEIRÃO PRETO;Horizonte Verde;MONTE ALTO;2028204;SANTA CASA DE MONTE ALTO;M;Priv.s. fins lucrativos;33;23;8;-;;10;8;-;-;-;5;;;
13;RIBEIRÃO PRETO;Horizonte Verde;PITANGUEIRAS;2089548;SANTA CASA DE PITANGUEIRAS;M;Priv.s. fins lucrativos;20;12;2;-;;-;-;-;-;-;;;;
13;RIBEIRÃO PRETO;Horizonte Verde;PONTAL;2083493;SANTA CASA DE PONTAL;M;Priv.s. fins lucrativos;10;6;7;-;;-;-;-;-;-;;;;
13;RIBEIRÃO PRETO;Horizonte Verde;SERTAOZINHO;2084171;"HOSPITAL E MATERNIDADE SAO JOSE
SERTAOZINHO";M;Priv.s. fins lucrativos;13;9;7;-;;9;6;-;-;-;5;;;
13;RIBEIRÃO PRETO;Vale das Cachoeiras;ALTINOPOLIS;2716593;"HOSPITAL DE MISERICORDIA
ALTINOPOLIS";M;Priv.s. fins lucrativos;9;6;8;-;;-;-;-;-;-;;;;
13;RIBEIRÃO PRETO;Vale das Cachoeiras;BATATAIS;2082853;"HOSPITAL MAJOR ANTONIO CANDIDO
BATATAIS";M;Priv.s. fins lucrativos;46;33;5;1;;8;7;1;-;-;5;;;
13;RIBEIRÃO PRETO;Vale das Cachoeiras;CAJURU;2023016;"CASA DE CARIDADE SAO VICENTE DE
PAULO CAJURU";M;Priv.s. fins lucrativos;38;30;8;-;;-;-;-;-;-;;;;
13;RIBEIRÃO PRETO;Vale das Cachoeiras;SANTO ANTONIO DA ALEGRIA;9208887;HOSPITAL MUNICIPAL DE SANTO ANTONIO DA ALEGRIA;M;Municipais;6;6;2;-;;-;-;-;-;-;;;;
14;S. JOÃO B. VISTA;Baixa Mogiana;ITAPIRA;2085143;"INSTITUTO AMERICO BAIRRAL DE
PSIQUIATRIA";E;Priv.s. fins lucrativos;;;;-;;;;;-;-;;;;
14;S. JOÃO B. VISTA;Baixa Mogiana;ITAPIRA;110388;HOSPITAL DE CAMPANHA COVID 19;M;Municipais;;;;15;-;;;;;;;;;
14;S. JOÃO B. VISTA;Baixa Mogiana;ITAPIRA;2081091;HOSPITAL MUNICIPAL DE ITAPIRA;M;Municipais;56;56;26;17;;5;4;;-;-;18;;;
14;S. JOÃO B. VISTA;Baixa Mogiana;ITAPIRA;2084287;"SANTA CASA DE MISERICORDIA DE
ITAPIRA";M;Priv.s. fins lucrativos;12;-;;-;;10;-;;-;-;;;;
14;S. JOÃO B. VISTA;Baixa Mogiana;MOGI GUACU;2096463;SANTA CASA DE MOGI GUACU;M;Priv.s. fins lucrativos;72;45;16;-;;11;8;-;10;-;;;;
14;S. JOÃO B. VISTA;Baixa Mogiana;MOGI GUACU;2096498;"HOSPITAL MUNICIPAL DR TABAJARA
RAMOS";M;Municipais;32;32;26;39;;5;5;5;-;-;;;;5
14;S. JOÃO B. VISTA;Baixa Mogiana;MOGI GUACU;;Hospital de Campanha SANTA MARTA;M;Municipais;;;;-;37;;;;;;;;;
14;S. JOÃO B. VISTA;Baixa Mogiana;MOJI MIRIM;2079208;"LAR ESPIRITA MARIA DE NAZARE MOJI
MIRIM";E;Priv.s. fins lucrativos;;;;-;;;;;-;-;;;;
14;S. JOÃO B. VISTA;Baixa Mogiana;MOJI MIRIM;2088193;"IRMANDADE DA STA CASA DE MISERICORD DE MOGI MIRIM MOGI
MIRIM";M;Priv.s. fins lucrativos;43;42;20;-;;6;6;-;;-;;;;6
14;S. JOÃO B. VISTA;Mantiqueira;ESPIRITO SANTO DO PINHAL;2081563;CLINICA DE REPOUSO SANTA ROSA ESPIRITO SANTO DO PINHAL;E;Privado;;;;-;;;;;-;-;;;;
14;S. JOÃO B. VISTA;Mantiqueira;ESPIRITO SANTO DO PINHAL;2084384;INSTITUTO BEZERRA DE MENEZES ESPIRITO SANTO DO PINHAL;E;Priv.s. fins lucrativos;;;;-;;;;;-;-;;;;
14;S. JOÃO B. VISTA;Mantiqueira;ESPIRITO SANTO DO PINHAL;2751623;HOSPITAL FRANCISCO ROSAS;M;Priv.s. fins lucrativos;53;33;32;-;;-;-;;10;-;;;;
14;S. JOÃO B. VISTA;Mantiqueira;SANTA CRUZ DAS PALMEIRAS;2080745;SANTA CASA DE SANTA CRUZ DAS PALMEIRAS;M;Priv.s. fins lucrativos;14;11;2;-;;-;-;;-;-;;;;
14;S. JOÃO B. VISTA;Mantiqueira;SAO JOAO DA BOA VISTA;2084228;SANTA CASA DE MISERICORDIA DONA CAROLINA MALHEIROS SJBV;M;Priv.s. fins lucrativos;81;52;12;-;;10;8;6;-;-;;;;
14;S. JOÃO B. VISTA;Mantiqueira;TAMBAU;2749149;"SANTA CASA DE MISERICORDIA DE
TAMBAU";M;Priv.s. fins lucrativos;25;23;13;-;;-;-;;-;-;;;;
14;S. JOÃO B. VISTA;Mantiqueira;VARGEM GRANDE DO SUL;2081903;HOSPITAL DE CARIDADE DE VARGEM GRANDE DO SUL;M;Priv.s. fins lucrativos;34;27;24;-;;-;-;;-;-;;;;
14;S. JOÃO B. VISTA;Rio Pardo;CACONDE;2080222;SANTA CASA DE CACONDE;E;Priv.s. fins lucrativos;14;14;12;;;-;-;;-;-;;;;
14;S. JOÃO B. VISTA;Rio Pardo;CASA BRANCA;2749033;"CENTRO DE REABILITACAO DE CASA
BRANCA";E;Estaduais-Direta;;;;-;30;;;;-;-;;;;
14;S. JOÃO B. VISTA;Rio Pardo;CASA BRANCA;2082306;SANTA CASA DE CASA BRANCA;M;Priv.s. fins lucrativos;24;17;;10;;-;-;;-;-;;;;
14;S. JOÃO B. VISTA;Rio Pardo;DIVINOLANDIA;2082810;"CONDERG HOSPITAL REGIONAL DE
DIVINOLANDIA";E;Priv.s. fins lucrativos;20;20;8;-;;-;-;;-;-;;;;
14;S. JOÃO B. VISTA;Rio Pardo;MOCOCA;2705222;SANTA CASA DE MOCOCA MOCOCA;M;Priv.s. fins lucrativos;73;47;12;-;;10;8;2;-;-;;;;
14;S. JOÃO B. VISTA;Rio Pardo;"SAO JOSE DO RIO
PARDO";2080923;HOSPITAL SAO VICENTE;M;Priv.s. fins lucrativos;57;34;7;-;;7;5;1;-;-;;;;
14;S. JOÃO B. VISTA;Rio Pardo;"SAO SEBASTIAO
DA GRAMA";2082284;SANTA CASA DE GRAMA;M;Priv.s. fins lucrativos;22;19;6;-;;-;-;;-;-;;;;
14;S. JOÃO B. VISTA;Rio Pardo;TAPIRATIBA;2081598;"SANTA CASA DE MISERICORDIA SAO
LUCAS";M;Priv.s. fins lucrativos;9;7;2;7;;-;-;;-;-;;;;
15;S. JOSÉ R. PRETO;Catanduva;CATANDUVA;2089327;HOSPITAL PADRE ALBINO CATANDUVA;E;Priv.s. fins lucrativos;41;21;4;-;;15;11;-;-;-;;;;
15;S. JOSÉ R. PRETO;Catanduva;CATANDUVA;2089335;"HOSP ESCOLA EMILIO CARLOS
CATANDUVA";E;Priv.s. fins lucrativos;142;111;-;22;;10;10;-;20;-;;;;
15;S. JOSÉ R. PRETO;Catanduva;ITAJOBI;2080826;HOSPITAL SAO JOSE DE ITAJOBI;M;Priv.s. fins lucrativos;46;28;-;-;;-;-;-;-;-;;;;
15;S. JOSÉ R. PRETO;Catanduva;"NOVO
HORIZONTE";2088487;SANTA CASA DE NOVO HORIZONTE;M;Priv.s. fins lucrativos;46;21;-;15;;-;-;-;-;-;6;;;3
15;S. JOSÉ R. PRETO;Catanduva;PIRANGI;2079909;HOSP BENEFICENTE DE PIRANGI;M;Priv.s. fins lucrativos;11;4;-;-;;-;-;-;-;-;;;;
15;S. JOSÉ R. PRETO;Catanduva;SANTA ADELIA;2079550;SANTA CASA DE SANTA ADELIA;M;Priv.s. fins lucrativos;13;5;-;-;;-;-;-;-;-;;;;
15;S. JOSÉ R. PRETO;Catanduva;URUPES;2081342;HOSPITAL SAO LOURENCO;M;Priv.s. fins lucrativos;25;10;-;-;;-;-;-;-;-;;;;
15;S. JOSÉ R. PRETO;Fernandopolis;ESTRELA D'OESTE;2080966;SANTA CASA DE ESTRELA DOESTE;M;Priv.s. fins lucrativos;30;28;-;-;;-;-;-;-;-;;;;
15;S. JOSÉ R. PRETO;Fernandopolis;FERNANDOPOLIS;2093324;SANTA CASA DE FERNANDOPOLIS;E;Priv.s. fins lucrativos;63;49;13;-;;10;9;-;-;-;6;;;
15;S. JOSÉ R. PRETO;Fernandopolis;INDIAPORA;2080362;CASA DE SAUDE DE INDIAPORA;M;Priv.s. fins lucrativos;24;3;-;-;;-;-;-;-;-;;;;
15;S. JOSÉ R. PRETO;Fernandopolis;OUROESTE;2716291;HOSPITAL JOAO VELLOSO;M;Municipais;16;11;-;-;;-;-;-;-;-;;;;
15;S. JOSÉ R. PRETO;Fernandopolis;POPULINA;2080109;SANTA CASA DE POPULINA;M;Priv.s. fins lucrativos;14;5;-;-;;-;-;-;-;-;;;;
15;S. JOSÉ R. PRETO;Jales;"APARECIDA
D'OESTE";2078937;SANTA CASA DE APARECIDA DOESTE;M;Priv.s. fins lucrativos;10;9;-;-;;-;-;-;-;-;;;;
15;S. JOSÉ R. PRETO;Jales;JALES;7066376;HOSPITAL DE AMOR JALES;E;Priv.s. fins lucrativos;4;4;-;-;;10;10;-;-;-;;;;
15;S. JOSÉ R. PRETO;Jales;JALES;2079895;"SANTA CASA DE MISERICORDIA DE
JALES";E;Priv.s. fins lucrativos;85;44;10;-;;10;9;1;5;-;;-;-;
15;S. JOSÉ R. PRETO;Jales;"PALMEIRA
D'OESTE";2079291;SANTA CASA DE PALMEIRA DOESTE;M;Priv.s. fins lucrativos;11;8;-;-;;-;-;-;-;-;;;;
15;S. JOSÉ R. PRETO;Jales;URANIA;2079968;SANTA CASA DE URANIA;M;Priv.s. fins lucrativos;26;24;-;-;;-;-;-;-;-;;;;
15;S. JOSÉ R. PRETO;Jose Bonifacio;JACI;2081466;"HOSPITAL NOSSA SENHORA DA DIVINA
PROVIDENCIA";E;Priv.s. fins lucrativos;20;4;-;-;;-;-;-;-;-;;;;
15;S. JOSÉ R. PRETO;Jose Bonifacio;JOSE BONIFACIO;2080095;SANTA CASA DE JOSE BONIFACIO;E;Priv.s. fins lucrativos;19;15;-;-;;-;-;-;-;-;;;;
15;S. JOSÉ R. PRETO;Jose Bonifacio;"MONTE
APRAZIVEL";2082667;SANTA CASA DE MONTE APRAZIVEL;E;Priv.s. fins lucrativos;49;22;-;5;;-;-;-;-;-;;;;
15;S. JOSÉ R. PRETO;Santa Fe do Sul;SANTA FE DO SUL;2093332;SANTA CASA DE SANTA FE DO SUL;M;Priv.s. fins lucrativos;30;27;8;8;;6;6;-;-;-;;;;
15;S. JOSÉ R. PRETO;Sao Jose do Rio Preto;IBIRA;2082551;SANTA CASA DE IBIRA;M;Priv.s. fins lucrativos;15;5;-;-;;-;-;-;-;-;;;;
15;S. JOSÉ R. PRETO;Sao Jose do Rio Preto;MIRASSOL;2716275;"HOSP E MAT MAE DIV AMOR PROV
DEUS MIRASSOL";M;Priv.s. fins lucrativos;23;15;-;-;;-;-;-;-;-;;;;
15;S. JOSÉ R. PRETO;Sao Jose do Rio Preto;NEVES PAULISTA;2079682;SANTA CASA DE NEVES PAULISTA;M;Priv.s. fins lucrativos;21;10;-;-;;-;-;-;-;-;;;;
15;S. JOSÉ R. PRETO;Sao Jose do Rio Preto;NOVA GRANADA;2082659;SANTA CASA DE NOVA GRANADA;E;Priv.s. fins lucrativos;52;15;-;-;;-;-;-;-;-;;;;
15;S. JOSÉ R. PRETO;Sao Jose do Rio Preto;PAULO DE FARIA;2080869;SANTA CASA DE PAULO DE FARIA;M;Priv.s. fins lucrativos;11;10;-;-;;-;-;-;-;-;;;;
15;S. JOSÉ R. PRETO;Sao Jose do Rio Preto;POTIRENDABA;2096617;"HOSPITAL ASSISTENCIAL MARIA
CAVALOTTI NEVES POTIRENDABA";M;Priv.s. fins lucrativos;19;18;-;-;;-;-;-;-;-;;;;
15;S. JOSÉ R. PRETO;Sao Jose do Rio Preto;"SAO JOSE DO RIO
PRETO";2077396;"HOSPITAL DE BASE DE SAO JOSE DO
RIO PRETO";E;Estaduais-Universitarios;456;174;103;177;;117;98;58;41;;8;10;;
15;S. JOSÉ R. PRETO;Sao Jose do Rio Preto;"SAO JOSE DO RIO
PRETO";2097613;HOSPITAL INFANTE D HENRIQUE;M;Priv.s. fins lucrativos;38;1;-;-;;33;21;-;-;-;;;;
15;S. JOSÉ R. PRETO;Sao Jose do Rio Preto;"SAO JOSE DO RIO
PRETO";2798298;"SANTA CASA DE MISERICORDIA DE
SAO JOSE DO RIO PRETO";M;Priv.s. fins lucrativos;77;39;45;-;;16;16;-;10;26;;;;
15;S. JOSÉ R. PRETO;Sao Jose do Rio Preto;"SAO JOSE DO RIO
PRETO";6236596;"HOSPITAL ESTADUAL JOAO PAULO II
SAO JOSE DO RIO PRETO";E;Estaduais-OSS;12;12;-;8;;8;8;-;-;-;;;;
15;S. JOSÉ R. PRETO;Sao Jose do Rio Preto;TANABI;2079356;SANTA CASA DE TANABI;E;Priv.s. fins lucrativos;39;23;-;-;;-;-;-;-;-;;;;
15;S. JOSÉ R. PRETO;Votuporanga;CARDOSO;2082071;SANTA CASA DE CARDOSO;E;Priv.s. fins lucrativos;13;9;-;-;;-;-;-;-;-;;;;
15;S. JOSÉ R. PRETO;Votuporanga;"GENERAL
SALGADO";2081652;SANTA CASA DE GENERAL SALGADO;M;Priv.s. fins lucrativos;26;19;-;-;;-;-;-;-;-;;;;
15;S. JOSÉ R. PRETO;Votuporanga;MACAUBAL;2081792;SANTA CASA DE MACAUBAL;M;Priv.s. fins lucrativos;16;14;-;-;;-;-;-;-;-;;;;
15;S. JOSÉ R. PRETO;Votuporanga;NHANDEARA;2093405;INAMEX NHANDEARA;E;Priv.s. fins lucrativos;;;-;-;;;;-;-;-;;;;
15;S. JOSÉ R. PRETO;Votuporanga;NHANDEARA;2093502;"HOSPITAL SAO DOMINGOS NA PROV
DE DEUS NHANDEARA";E;Priv.s. fins lucrativos;35;18;-;-;;-;-;-;-;-;;;;
15;S. JOSÉ R. PRETO;Votuporanga;RIOLANDIA;2081571;SANTA CASA DE RIOLANDIA;M;Priv.s. fins lucrativos;17;4;-;-;;-;-;-;-;-;;;;
15;S. JOSÉ R. PRETO;Votuporanga;VOTUPORANGA;2081377;SANTA CASA DE VOTUPORANGA;E;Priv.s. fins lucrativos;88;44;-;15;;14;10;-;2;8;;;;
16;SOROCABA;Itapetininga;ANGATUBA;2082748;HOSPITAL ANGATUBA;M;Priv.s. fins lucrativos;27;24;;-;;-;-;;-;-;;;;
16;SOROCABA;Itapetininga;CAPAO BONITO;2079097;SANTA CASA DE CAPAO BONITO;M;Priv.s. fins lucrativos;17;16;;6;;-;-;;;-;;;;5
16;SOROCABA;Itapetininga;CERQUILHO;2751569;"SANTA CASA DE MISERICORDIA DE
CERQUILHO";M;Priv.s. fins lucrativos;31;26;20;-;;-;-;;-;-;;;;
16;SOROCABA;Itapetininga;CESARIO LANGE;2082780;"BENEFICENCIA HOSPITALAR DE
CESARIO LANGE";M;Priv.s. fins lucrativos;14;12;;-;;-;-;;-;-;;;;
16;SOROCABA;Itapetininga;ITAPETININGA;3139050;"HOSPITAL DR LEO ORSI BERNARDES
ITAPETININGA";M;Priv.s. fins lucrativos;46;46;;7;;10;8;;1;-;5;;;
16;SOROCABA;Itapetininga;"SAO MIGUEL
ARCANJO";7320175;HOSPITAL SAO MIGUEL ARCANJO;M;Priv.s. fins lucrativos;35;35;4;-;;-;-;;-;-;;;;
16;SOROCABA;Itapetininga;TATUI;2079135;"SANTA CASA DE MISERICORDIA DE
TATUI";M;Priv.s. fins lucrativos;15;15;22;-;;9;8;;-;-;5;;;
16;SOROCABA;Itapeva;APIAI;2082098;"HOSPITAL DR ADHEMAR DE BARROS
APIAI";M;Priv.s. fins lucrativos;22;20;6;-;;-;-;;-;-;;;;
16;SOROCABA;Itapeva;GUAPIARA;2083264;"HOSPITAL MUNICIPAL JOAQUIM
RAIMUNDO GOMES GUAPIARA";M;Municipais;12;12;3;2;;-;-;;-;-;;;;
16;SOROCABA;Itapeva;ITABERA;7603274;HOSPITAL MUNICIPAL SAO JOSE;M;Municipais;6;6;3;3;;-;-;;-;-;;;;
16;SOROCABA;Itapeva;ITAPEVA;2027186;"SANTA CASA DE MISERICORDIA DE
ITAPEVA";M;Priv.s. fins lucrativos;50;40;10;-;;10;8;1;-;-;;;;
16;SOROCABA;Itapeva;ITARARE;2081555;"SANTA CASA DE MISERICORDIA DE
ITARARE";M;Priv.s. fins lucrativos;33;29;10;5;;-;-;;-;-;;;;
16;SOROCABA;Itapeva;"RIBEIRAO
BRANCO";2705249;"HOSPITAL MUNICIPAL MARIA ROSA
CARDOSO";M;Municipais;16;16;10;-;;-;-;;-;-;;;;
16;SOROCABA;Sorocaba;BOITUVA;2081261;HOSPITAL SAO LUIZ;M;Priv.s. fins lucrativos;24;21;10;-;4;-;-;;-;-;;;;
16;SOROCABA;Sorocaba;IBIUNA;2079615;"HOSPITAL MUNICIPAL DE IBIUNA
IBIUNA SP";M;Municipais;17;17;6;-;;-;-;;-;-;;;;
16;SOROCABA;Sorocaba;IBIUNA;;HOSPITAL DE CAMPANHA;M;Municipais;;;;;16;;;;;;;;;
16;SOROCABA;Sorocaba;ITU;2080192;"HOSP EST ESPEC EM REABILIT DR
FRANCISCO RIBEIRO ARANTES";E;Estaduais-Direta;8;8;;-;;-;-;;-;-;;;;
16;SOROCABA;Sorocaba;ITU;2080184;HOSPITAL MUNICIPAL;M;Privado;14;14;11;;;8;-;;-;-;;;;
16;SOROCABA;Sorocaba;ITU;2092298;SANTA CASA DE ITU;E;Priv.s. fins lucrativos;22;13;12;-;;20;12;7;-;;;;;
16;SOROCABA;Sorocaba;ITU;113921;HOSPITAL DE CAMPNHA DE ITU;M;Municipais;;;;;40;;;;;;;;;
16;SOROCABA;Sorocaba;PIEDADE;2083175;SANTA CASA PIEDADE;M;Priv.s. fins lucrativos;21;20;10;-;8;-;-;;-;-;;;;
16;SOROCABA;Sorocaba;PILAR DO SUL;2078902;SANTA CASA PILAR DO SUL;M;Priv.s. fins lucrativos;19;15;4;-;;-;-;;-;-;;;;
16;SOROCABA;Sorocaba;PORTO FELIZ;2079925;SANTA CASA DE PORTO FELIZ;M;Priv.s. fins lucrativos;29;22;1;-;;10;-;;-;-;;;;
16;SOROCABA;Sorocaba;SALTO;3774554;HOSPITAL E MATERNIDADE MUNICIPAL N S DO MONTE SERRAT;M;Priv.s. fins lucrativos;20;20;8;1;;10;10;6;-;-;;;4;
16;SOROCABA;Sorocaba;"SALTO DE
PIRAPORA";2079178;MATERNIDADE MUNICIPAL;M;Municipais;;;;-;;;;;-;-;;;;
16;SOROCABA;Sorocaba;"SALTO DE
PIRAPORA";2079429;SANTA CASA SALTO DE PIRAPORA;M;Priv.s. fins lucrativos;20;18;5;4;5;-;-;;-;-;;;;
16;SOROCABA;Sorocaba;SAO ROQUE;2082721;"HOSPITAL E MATERNIDADE SOTERO
DE SOUZA";M;Priv.s. fins lucrativos;37;30;;10;;-;-;;;;5;;;
16;SOROCABA;Sorocaba;SOROCABA;2078813;"HOSPITAL OFTALMOLOGICO DE
SOROCABA";E;Priv.s. fins lucrativos;1;1;;-;;-;-;;-;-;;;;
16;SOROCABA;Sorocaba;SOROCABA;2079321;HOSPITAL GPACI SOROCABA;M;Priv.s. fins lucrativos;16;10;;-;;;;;-;-;;;;
16;SOROCABA;Sorocaba;SOROCABA;2081695;CONJUNTO HOSPITALAR SOROCABA;E;Estaduais-OSS;74;74;;6;;25;25;;-;-;;;;
16;SOROCABA;Sorocaba;SOROCABA;2708558;HOSPITAL EVANGELICO DE SOROCABA;M;Priv.s. fins lucrativos;17;-;;-;;26;4;;-;-;;;;
16;SOROCABA;Sorocaba;SOROCABA;2708566;"HOSPITAL UNIMED DE SOROCABA DR
MIGUEL VILLA NOVA SOEIRO";M;Privado;70;4;;-;;8;4;;-;-;;;;
16;SOROCABA;Sorocaba;SOROCABA;2708779;SANTA CASA DE SOROCABA;M;Priv.s. fins lucrativos;129;123;;-;;40;20;;-;-;;;;
16;SOROCABA;Sorocaba;SOROCABA;2765942;HOSPITAL SANTA LUCINDA SOROCABA;M;Priv.s. fins lucrativos;16;12;;-;;10;7;;-;-;;;;
16;SOROCABA;Sorocaba;SOROCABA;9491112;HOSPITAL REGIONAL DE SOROCABA;E;Estaduais-OSS;36;36;;20;;40;-;20;10;-;;20;;
16;SOROCABA;Sorocaba;TIETE;2080087;"SANTA CASA DE MISERICORDIA DE
TIETE";M;Priv.s. fins lucrativos;28;21;6;6;;-;-;;-;-;;;;
16;SOROCABA;Sorocaba;VOTORANTIM;2087618;"HOSPITAL MUNICIPAL DE
VOTORANTIM";M;Municipais;48;48;25;6;;5;5;;2;-;3;;;
17;TAUBATÉ;Alto Vale do Paraiba;CACAPAVA;2024756;"HOSPITAL E MATERNIDADE NOSSA
SENHORA DA AJUDA";M;Priv.s. fins lucrativos;27;27;10;-;;5;5;3;-;-;;;;
17;TAUBATÉ;Alto Vale do Paraiba;JACAREI;2085194;HOSPITAL SAO FRANCISCO DE ASSIS;M;Priv.s. fins lucrativos;35;11;2;-;;20;6;2;-;-;;4;;
17;TAUBATÉ;Alto Vale do Paraiba;JACAREI;2096412;"SANTA CASA DE MISERICORDIA DE
JACAREI";M;Priv.s. fins lucrativos;60;59;3;-;;10;8;2;-;;;;;
17;TAUBATÉ;Alto Vale do Paraiba;"SAO JOSE DOS
CAMPOS";2085569;CVV FRANCISCA JULIA;M;Priv.s. fins lucrativos;;;-;-;;;;-;-;-;;;;
17;TAUBATÉ;Alto Vale do Paraiba;"SAO JOSE DOS
CAMPOS";9539;"HOSPITAL MATERNO INFANTIL
ANTONINHO DA ROCHA MARMO";M;Priv.s. fins lucrativos;11;-;;-;;9;-;;-;-;;;;
17;TAUBATÉ;Alto Vale do Paraiba;"SAO JOSE DOS
CAMPOS";9601;HOSPITAL PIO XII;M;Priv.s. fins lucrativos;38;30;2;-;;13;12;3;-;-;;;;
17;TAUBATÉ;Alto Vale do Paraiba;"SAO JOSE DOS
CAMPOS";9628;"HOSPITAL MUNICIPAL DR JOSE DE
CARVALHO FLORENCE";M;Municipais;98;98;22;-;;34;34;11;-;-;;;;
17;TAUBATÉ;Alto Vale do Paraiba;"SAO JOSE DOS
CAMPOS";26417;HOSPITAL DE CLINICAS SUL;M;Municipais;34;34;-;-;;-;-;-;-;-;;;;
17;TAUBATÉ;Alto Vale do Paraiba;SAO JOSE DOS CAMPOS;2748029;SANTA CASA DE MISERICORDIA DE SAO JOSE DOS CAMPOS;E;Priv.s. fins lucrativos;64;35;10;-;;31;17;6;6;;;;;
17;TAUBATÉ;Alto Vale do Paraiba;SAO JOSE DOS CAMPOS;9491252;DR RUBENS SAVASTANO HOSPITAL REGIONAL DE SAO JOSE DOS CAMPOS;E;Estaduais-OSS;20;20;18;9;;20;20;-;-;-;;10;;
17;TAUBATÉ;Circ. da Fe-V. Historico;APARECIDA;2083051;SANTA CASA DE APARECIDA;E;Priv.s. fins lucrativos;24;17;20;-;;9;9;-;-;;;;;
17;TAUBATÉ;Circ. da Fe-V. Historico;"CACHOEIRA
PAULISTA";2024772;"SANTA CASA DE MISERICORDIA SAO
JOSE";M;Priv.s. fins lucrativos;21;21;8;-;;-;-;-;-;-;;;;
17;TAUBATÉ;Circ. da Fe-V. Historico;CRUZEIRO;2024691;SANTA CASA de CRUZEIRO;M;Municipais;46;36;17;14;;10;10;-;5;;;;;
17;TAUBATÉ;Circ. da Fe-V. Historico;CUNHA;2079518;SANTA CASA DE MIS E MATERNIDADE N SRA DA CONCEICAO CUNHA;M;Priv.s. fins lucrativos;21;13;10;-;;-;-;-;-;-;;;;
17;TAUBATÉ;Circ. da Fe-V. Historico;GUARATINGUETA;;HOSPITAL DE CAMPANHA;M;Municipais;;;;;20;;;;;;;;;
17;TAUBATÉ;Circ. da Fe-V. Historico;GUARATINGUETA;2081512;"SANTA CASA DE MISERICORDIA DE
GUARATINGUETA";M;Priv.s. fins lucrativos;57;42;25;-;;10;7;-;6;-;;;;
17;TAUBATÉ;Circ. da Fe-V. Historico;GUARATINGUETA;2081644;HOSPITAL FREI GALVAO;M;Priv.s. fins lucrativos;32;12;8;-;;23;11;-;12;-;;1;;
17;TAUBATÉ;Circ. da Fe-V. Historico;LORENA;2087111;"IRMANDADE DA SANTA CASA DE
MISERICORDIA LORENA";M;Priv.s. fins lucrativos;70;46;18;-;;17;7;-;3;-;;10;;
17;TAUBATÉ;Circ. da Fe-V. Historico;QUELUZ;2058340;HOSPITAL MUNICIPAL DE QUELUZ;M;Municipais;8;8;2;-;;-;-;-;-;-;;;;
17;TAUBATÉ;Litoral Norte;"CARAGUATATUB
A";2082926;CASA DE SAUDE STELLA MARIS;M;Priv.s. fins lucrativos;50;40;21;-;;6;6;-;7;-;;;;
17;TAUBATÉ;Litoral Norte;"CARAGUATATUB
A";92894;HR LITORAL NORTE;E;Estaduais-OSS;93;93;-;73;;-;-;-;10;-;;;;
17;TAUBATÉ;Litoral Norte;ILHABELA;2747871;"HOSPITAL MUNICIPAL GOV MARIO
COVAS JR";M;Municipais;30;30;2;-;;-;-;-;6;-;;;;
17;TAUBATÉ;Litoral Norte;SAO SEBASTIAO;2765934;"HOSPITAL DE CLINICAS DE SAO
SEBASTIAO";M;Priv.s. fins lucrativos;53;47;16;-;;8;7;-;2;-;;22;;
